,Equipment,Age
0,1014059.0,22.0
1,1156767.0,19.0
2,1011680.0,22.0
3,1023346.0,21.0
4,1020406.0,23.0
5,1069897.0,19.0
6,1020404.0,21.0
7,1149224.0,26.0
8,1028458.0,21.0
9,1020378.0,24.0
10,1013587.0,23.0
11,1020410.0,26.0
12,1023360.0,22.0
13,1011729.0,26.0
14,1159756.0,25.0
15,1028433.0,27.0
16,1020403.0,20.0
17,1060890.0,23.0
18,1027227.0,26.0
19,1159763.0,21.0
20,1013870.0,26.0
21,1128837.0,26.0
22,1163358.0,27.0
23,1052079.0,25.0
24,1011144.0,26.0
25,1011426.0,19.0
26,1020409.0,22.0
27,1031021.0,24.0
28,1013817.0,18.0
29,1166862.0,18.0
30,1162935.0,19.0
31,1159788.0,25.0
32,1010843.0,27.0
33,1131230.0,25.0
34,1159785.0,26.0
35,1149222.0,21.0
36,1149218.0,22.0
37,1159793.0,24.0
38,1053466.0,20.0
39,1159764.0,22.0
40,1149221.0,25.0
41,1023306.0,21.0
42,1166218.0,21.0
43,1028450.0,18.0
44,1159753.0,26.0
45,1159810.0,26.0
46,1013736.0,18.0
47,1037422.0,21.0
48,1109877.0,18.0
49,1128836.0,20.0
50,1038142.0,22.0
51,1013584.0,23.0
52,1160501.0,20.0
53,1159759.0,27.0
54,1159748.0,27.0
55,1165855.0,24.0
56,1159754.0,23.0
57,1159795.0,25.0
58,1164571.0,26.0
59,1013666.0,20.0
60,1026656.0,21.0
61,1166783.0,20.0
62,1028441.0,19.0
63,1023332.0,20.0
64,1069896.0,21.0
65,1159767.0,25.0
66,1030248.0,26.0
67,1162755.0,26.0
68,1159794.0,27.0
69,1094088.0,20.0
70,1059811.0,26.0
71,1036256.0,25.0
72,1159799.0,18.0
73,1149220.0,27.0
74,1011117.0,27.0
75,1108006.0,24.0
76,1048355.0,23.0
77,1011147.0,26.0
78,1160500.0,18.0
79,1157135.0,20.0
80,1149227.0,21.0
81,1010796.0,20.0
82,1056754.0,24.0
83,1028431.0,20.0
84,1027011.0,25.0
85,1028445.0,26.0
86,1014853.0,18.0
87,1165466.0,20.0
88,1150101.0,26.0
89,1159808.0,18.0
90,1010832.0,26.0
91,1028547.0,20.0
92,1165343.0,22.0
93,1042322.0,19.0
94,1083234.0,21.0
95,1036341.0,20.0
96,1010942.0,18.0
97,1027289.0,27.0
98,1165464.0,22.0
99,1045064.0,18.0
100,1020343.0,23.0
101,1159783.0,23.0
102,1020346.0,27.0
103,156958.0,19.0
104,1028427.0,20.0
105,1020338.0,23.0
106,111784.0,20.0
107,1057453.0,25.0
108,1020396.0,20.0
109,112200.0,18.0
110,1027003.0,25.0
111,1022958.0,21.0
112,1159790.0,26.0
113,1053374.0,24.0
114,102816.0,20.0
115,1019940.0,21.0
116,1165469.0,26.0
117,1014109.0,25.0
118,1166787.0,25.0
119,1165467.0,24.0
120,1123220.0,18.0
121,1166791.0,24.0
122,1027325.0,27.0
123,1166789.0,22.0
124,1123223.0,26.0
125,1034217.0,19.0
126,1165859.0,24.0
127,1106312.0,27.0
128,1014083.0,27.0
129,1028892.0,24.0
130,1149223.0,19.0
131,1020333.0,27.0
132,1159805.0,20.0
133,1159755.0,19.0
134,1159787.0,27.0
135,1159757.0,20.0
136,1159806.0,24.0
137,1076278.0,22.0
138,1159812.0,25.0
139,1160820.0,23.0
140,1160498.0,23.0
141,1028527.0,23.0
142,1014150.0,18.0
143,1166788.0,20.0
144,1020384.0,24.0
145,1060724.0,21.0
146,1055458.0,20.0
147,1013837.0,18.0
148,1011260.0,23.0
149,1046103.0,22.0
150,156972.0,23.0
151,1159789.0,24.0
152,158945.0,25.0
153,1105260.0,20.0
154,1160496.0,24.0
155,1013072.0,25.0
156,1159784.0,19.0
157,1106313.0,26.0
158,1105617.0,21.0
159,1063302.0,20.0
160,1159792.0,27.0
161,1052093.0,27.0
162,111963.0,20.0
163,1089484.0,25.0
164,1013319.0,25.0
165,1013586.0,20.0
166,1059753.0,20.0
167,1166850.0,24.0
168,1020182.0,21.0
169,1116187.0,24.0
170,1153985.0,26.0
171,1105253.0,22.0
172,1160495.0,27.0
173,1011854.0,23.0
174,1083476.0,22.0
175,1160492.0,25.0
176,1026921.0,24.0
177,1045214.0,23.0
178,1028456.0,27.0
179,1023171.0,20.0
180,1165484.0,24.0
181,1118758.0,24.0
182,1166560.0,22.0
183,1165459.0,21.0
184,111974.0,26.0
185,1166557.0,19.0
186,1028835.0,25.0
187,1021362.0,20.0
188,1014988.0,25.0
189,1053204.0,20.0
190,1166588.0,20.0
191,156956.0,27.0
192,1149226.0,26.0
193,1126178.0,18.0
194,1020345.0,22.0
195,1093371.0,24.0
196,1166790.0,18.0
197,1026979.0,22.0
198,1159807.0,23.0
199,1055007.0,24.0
200,1065679.0,25.0
201,1129395.0,19.0
202,1159758.0,19.0
203,1021350.0,18.0
204,1105810.0,22.0
205,156948.0,18.0
206,184641.0,23.0
207,1020688.0,18.0
208,1043852.0,25.0
209,1091682.0,19.0
210,1166852.0,24.0
211,1020173.0,21.0
212,1045216.0,21.0
213,1023345.0,21.0
214,1020188.0,18.0
215,1160497.0,23.0
216,1014191.0,26.0
217,102864.0,18.0
218,1154566.0,26.0
219,1026828.0,27.0
220,1020690.0,26.0
221,1020283.0,18.0
222,1165462.0,18.0
223,1058732.0,25.0
224,1103813.0,26.0
225,1150255.0,27.0
226,1159761.0,24.0
227,1166589.0,24.0
228,1033744.0,19.0
229,1012950.0,20.0
230,1082547.0,27.0
231,1055700.0,20.0
232,1037075.0,18.0
233,1159804.0,26.0
234,1078781.0,18.0
235,1087502.0,22.0
236,1060881.0,19.0
237,1109880.0,25.0
238,1108096.0,21.0
239,1083212.0,24.0
240,165755.0,26.0
241,1027989.0,19.0
242,1163780.0,22.0
243,1166422.0,27.0
244,1166558.0,24.0
245,1055288.0,26.0
246,1020024.0,25.0
247,1031156.0,23.0
248,1165460.0,23.0
249,1036291.0,21.0
250,1099699.0,22.0
251,1129400.0,21.0
252,1033356.0,18.0
253,156963.0,20.0
254,1037257.0,27.0
255,1166565.0,24.0
256,1059769.0,20.0
257,1105802.0,23.0
258,1051144.0,26.0
259,1159803.0,19.0
260,109368.0,23.0
261,1165849.0,26.0
262,1165456.0,23.0
263,1048675.0,25.0
264,1103831.0,24.0
265,1019684.0,26.0
266,1164501.0,27.0
267,1057931.0,23.0
268,1074683.0,19.0
269,1105287.0,26.0
270,1039400.0,23.0
271,1019968.0,19.0
272,1166590.0,26.0
273,1010943.0,21.0
274,1055277.0,27.0
275,1157520.0,18.0
276,1051395.0,24.0
277,1019983.0,26.0
278,1150613.0,26.0
279,1038596.0,27.0
280,1068574.0,21.0
281,1013447.0,20.0
282,1159801.0,23.0
283,1105291.0,25.0
284,1023883.0,20.0
285,1163601.0,24.0
286,1123135.0,22.0
287,1138955.0,25.0
288,1052403.0,23.0
289,112425.0,23.0
290,1030529.0,24.0
291,1054267.0,18.0
292,1166593.0,26.0
293,201279.0,23.0
294,1167072.0,26.0
295,1084207.0,25.0
296,1053270.0,24.0
297,1059715.0,26.0
298,1060698.0,19.0
299,1157984.0,21.0
300,1037266.0,23.0
301,1045693.0,18.0
302,1124647.0,27.0
303,1111952.0,25.0
304,111959.0,18.0
305,1056714.0,26.0
306,102059.0,21.0
307,1028516.0,24.0
308,1105267.0,19.0
309,1166566.0,21.0
310,109363.0,21.0
311,1165854.0,27.0
312,1150771.0,21.0
313,101638.0,24.0
314,102450.0,20.0
315,1021451.0,19.0
316,1052827.0,25.0
317,1150249.0,21.0
318,1165858.0,21.0
319,1094535.0,26.0
320,1163600.0,19.0
321,1043841.0,25.0
322,1023516.0,19.0
323,108455.0,26.0
324,1052814.0,24.0
325,1138929.0,23.0
326,1055565.0,21.0
327,1013630.0,19.0
328,1163767.0,24.0
329,1083222.0,22.0
330,1164024.0,25.0
331,1080614.0,19.0
332,1035669.0,18.0
333,1079333.0,25.0
334,1109972.0,26.0
335,156943.0,20.0
336,1019655.0,24.0
337,1052404.0,20.0
338,1118450.0,20.0
339,1104549.0,19.0
340,1105262.0,18.0
341,1161530.0,24.0
342,1166015.0,26.0
343,1074754.0,20.0
344,1020292.0,26.0
345,1105240.0,21.0
346,1026892.0,22.0
347,1033646.0,26.0
348,1026891.0,26.0
349,1106335.0,19.0
350,1012919.0,24.0
351,1055278.0,27.0
352,102893.0,21.0
353,112398.0,27.0
354,1159786.0,22.0
355,1025252.0,23.0
356,1164220.0,19.0
357,1045215.0,21.0
358,184679.0,22.0
359,1055697.0,21.0
360,109483.0,19.0
361,1123102.0,22.0
362,1013183.0,21.0
363,1033663.0,26.0
364,1078745.0,24.0
365,1138958.0,19.0
366,1165342.0,23.0
367,1053041.0,22.0
368,156962.0,20.0
369,1074762.0,25.0
370,1159798.0,24.0
371,419580.0,22.0
372,1053367.0,21.0
373,1053450.0,18.0
374,1105125.0,21.0
375,1011809.0,19.0
376,1037246.0,23.0
377,1078753.0,27.0
378,1084204.0,22.0
379,1078773.0,20.0
380,1083214.0,27.0
381,1099700.0,26.0
382,1106687.0,23.0
383,1165865.0,24.0
384,1027414.0,19.0
385,1138883.0,20.0
386,1052780.0,24.0
387,1055056.0,20.0
388,1055577.0,19.0
389,111968.0,19.0
390,107308.0,26.0
391,1081042.0,25.0
392,1054195.0,20.0
393,1097439.0,27.0
394,1111562.0,20.0
395,116824.0,24.0
396,1039416.0,19.0
397,1055031.0,22.0
398,1126236.0,20.0
399,1162403.0,20.0
400,1103842.0,22.0
401,1097941.0,22.0
402,1027404.0,26.0
403,1111772.0,21.0
404,1014041.0,18.0
405,1138920.0,23.0
406,1057395.0,21.0
407,1011080.0,26.0
408,1126087.0,21.0
409,1020016.0,22.0
410,1083232.0,20.0
411,1015338.0,27.0
412,1161668.0,26.0
413,1020382.0,21.0
414,1106311.0,26.0
415,1074697.0,18.0
416,1107700.0,18.0
417,1160494.0,27.0
418,1060883.0,20.0
419,1097885.0,19.0
420,1119510.0,25.0
421,1055705.0,20.0
422,1126250.0,21.0
423,1108078.0,27.0
424,1060886.0,18.0
425,1059724.0,18.0
426,1119006.0,25.0
427,1043213.0,22.0
428,1036693.0,20.0
429,1129397.0,26.0
430,1043212.0,21.0
431,1037392.0,23.0
432,1097965.0,19.0
433,1038821.0,27.0
434,1110135.0,26.0
435,1138919.0,20.0
436,1023700.0,24.0
437,1036283.0,20.0
438,1166858.0,26.0
439,102768.0,23.0
440,1160493.0,20.0
441,179865.0,23.0
442,1026008.0,26.0
443,1027312.0,25.0
444,108301.0,25.0
445,1132676.0,23.0
446,106337.0,25.0
447,1026821.0,19.0
448,1138928.0,26.0
449,1056718.0,27.0
450,1056712.0,27.0
451,1083256.0,21.0
452,1033769.0,24.0
453,1026946.0,26.0
454,1027088.0,26.0
455,1154472.0,26.0
456,1054271.0,20.0
457,1107690.0,24.0
458,1104544.0,21.0
459,1011492.0,19.0
460,1056764.0,20.0
461,1026549.0,19.0
462,1034042.0,20.0
463,1164495.0,19.0
464,1012860.0,25.0
465,1013474.0,19.0
466,1027321.0,18.0
467,1089732.0,18.0
468,1126181.0,27.0
469,1112489.0,21.0
470,1097969.0,24.0
471,1054014.0,23.0
472,109583.0,20.0
473,1098119.0,25.0
474,1094503.0,24.0
475,1020023.0,26.0
476,1138953.0,26.0
477,1054017.0,22.0
478,1085939.0,26.0
479,1108016.0,23.0
480,1083237.0,19.0
481,1026745.0,26.0
482,1140421.0,18.0
483,1091667.0,27.0
484,1163593.0,20.0
485,1027220.0,23.0
486,1011861.0,19.0
487,1033763.0,27.0
488,1086212.0,21.0
489,1165458.0,25.0
490,1055701.0,23.0
491,1078769.0,23.0
492,1074684.0,27.0
493,1040558.0,25.0
494,1138965.0,27.0
495,1105518.0,25.0
496,1116158.0,22.0
497,1045071.0,21.0
498,102686.0,27.0
499,1162223.0,25.0
500,1160812.0,18.0
501,1045228.0,23.0
502,1159791.0,23.0
503,1109969.0,22.0
504,116861.0,21.0
505,1165465.0,27.0
506,1108087.0,18.0
507,1059681.0,25.0
508,1105811.0,22.0
509,112498.0,20.0
510,157563.0,20.0
511,1013024.0,21.0
512,1013206.0,21.0
513,1013876.0,27.0
514,1027267.0,21.0
515,1028635.0,26.0
516,1033618.0,27.0
517,1044052.0,18.0
518,1087951.0,21.0
519,1107479.0,20.0
520,1145771.0,21.0
521,1154753.0,23.0
522,1165848.0,21.0
523,1005126.0,23.0
524,1157138.0,18.0
525,158948.0,21.0
526,1104559.0,19.0
527,1053376.0,27.0
528,1026476.0,24.0
529,1045079.0,26.0
530,1023884.0,26.0
531,157603.0,24.0
532,1166836.0,22.0
533,1094528.0,20.0
534,1164195.0,22.0
535,1166097.0,26.0
536,1102850.0,18.0
537,1023882.0,23.0
538,102340.0,24.0
539,1165468.0,23.0
540,1105645.0,27.0
541,1164499.0,19.0
542,102220.0,25.0
543,1013788.0,27.0
544,1126296.0,23.0
545,1059735.0,26.0
546,1034207.0,25.0
547,1023575.0,21.0
548,1051120.0,23.0
549,1097702.0,22.0
550,1102855.0,19.0
551,1162668.0,18.0
552,1166595.0,19.0
553,1033375.0,26.0
554,1074744.0,22.0
555,1166161.0,23.0
556,1074746.0,26.0
557,1124665.0,26.0
558,1014866.0,23.0
559,1166847.0,24.0
560,1097983.0,18.0
561,1011444.0,23.0
562,1011110.0,19.0
563,1083245.0,26.0
564,1052813.0,20.0
565,1022056.0,24.0
566,1022957.0,26.0
567,1023554.0,21.0
568,109365.0,23.0
569,1019965.0,20.0
570,1125701.0,26.0
571,1023382.0,21.0
572,1074706.0,18.0
573,1108236.0,19.0
574,1033376.0,18.0
575,1037450.0,26.0
576,1056755.0,19.0
577,1060864.0,18.0
578,1094617.0,25.0
579,1149210.0,25.0
580,1163960.0,25.0
581,1164219.0,26.0
582,1085933.0,26.0
583,1060756.0,23.0
584,1063778.0,18.0
585,1087181.0,24.0
586,1014182.0,26.0
587,1154900.0,20.0
588,108454.0,18.0
589,1027243.0,26.0
590,1063660.0,18.0
591,1164478.0,27.0
592,1103830.0,21.0
593,1028565.0,21.0
594,1125697.0,21.0
595,1045842.0,21.0
596,1149911.0,18.0
597,1055015.0,21.0
598,1023362.0,21.0
599,1028559.0,18.0
600,1033655.0,26.0
601,1166586.0,27.0
602,1086095.0,23.0
603,1094310.0,19.0
604,151035.0,23.0
605,1055415.0,25.0
606,1074696.0,20.0
607,1011105.0,24.0
608,1020678.0,22.0
609,116721.0,20.0
610,109716.0,21.0
611,1125451.0,23.0
612,1165845.0,26.0
613,1023504.0,23.0
614,1059740.0,23.0
615,1011755.0,25.0
616,1075765.0,20.0
617,1164500.0,22.0
618,1044815.0,24.0
619,1105258.0,24.0
620,1014130.0,26.0
621,1083251.0,22.0
622,1165861.0,26.0
623,1159802.0,20.0
624,1055444.0,24.0
625,1054512.0,27.0
626,1028546.0,18.0
627,1028806.0,24.0
628,1013926.0,27.0
629,1138942.0,23.0
630,1153894.0,18.0
631,1055534.0,20.0
632,1045220.0,26.0
633,1154025.0,22.0
634,1044190.0,19.0
635,1060835.0,19.0
636,1052811.0,22.0
637,1107683.0,25.0
638,1088956.0,19.0
639,1108232.0,23.0
640,1028548.0,27.0
641,1149364.0,25.0
642,1043830.0,23.0
643,102878.0,26.0
644,1060892.0,23.0
645,1138961.0,24.0
646,1026803.0,24.0
647,1059699.0,20.0
648,1083255.0,20.0
649,1097817.0,20.0
650,1097903.0,19.0
651,1111967.0,21.0
652,1140326.0,27.0
653,1145595.0,20.0
654,1153857.0,25.0
655,1156585.0,20.0
656,1158240.0,18.0
657,1165862.0,27.0
658,1166179.0,18.0
659,1052092.0,20.0
660,1083247.0,20.0
661,1035110.0,21.0
662,1043065.0,24.0
663,1080287.0,25.0
664,1027041.0,21.0
665,1097893.0,19.0
666,1087372.0,26.0
667,1166120.0,23.0
668,1013651.0,25.0
669,1027509.0,24.0
670,1052816.0,25.0
671,1149913.0,18.0
672,1105618.0,18.0
673,1065211.0,27.0
674,1067015.0,27.0
675,1011748.0,19.0
676,1166105.0,22.0
677,1019977.0,20.0
678,1108921.0,23.0
679,1106327.0,21.0
680,1023425.0,19.0
681,1074750.0,27.0
682,1166844.0,18.0
683,1019993.0,20.0
684,1059702.0,25.0
685,1045229.0,26.0
686,1011749.0,22.0
687,1022992.0,18.0
688,1116742.0,19.0
689,1162014.0,19.0
690,1023459.0,23.0
691,1056758.0,24.0
692,102172.0,20.0
693,1110222.0,20.0
694,151185.0,26.0
695,109712.0,23.0
696,1030339.0,21.0
697,1105621.0,24.0
698,180159.0,24.0
699,1078767.0,19.0
700,1165584.0,18.0
701,1165864.0,18.0
702,1166072.0,26.0
703,1058849.0,20.0
704,1024042.0,19.0
705,1031618.0,25.0
706,1123131.0,19.0
707,1157958.0,19.0
708,1026584.0,22.0
709,1059719.0,18.0
710,1088018.0,19.0
711,102077.0,25.0
712,1028627.0,22.0
713,1011057.0,26.0
714,1158097.0,24.0
715,1020183.0,18.0
716,1153867.0,19.0
717,1158035.0,21.0
718,1011382.0,27.0
719,1111190.0,18.0
720,1019990.0,22.0
721,1106331.0,20.0
722,1106338.0,21.0
723,212695.0,21.0
724,1093372.0,18.0
725,1097812.0,18.0
726,1103835.0,20.0
727,1023574.0,24.0
728,1011532.0,18.0
729,1023664.0,22.0
730,1024046.0,20.0
731,1060798.0,19.0
732,1089776.0,22.0
733,1103837.0,27.0
734,1114200.0,18.0
735,1118586.0,20.0
736,1125461.0,22.0
737,1145760.0,21.0
738,1159811.0,22.0
739,1161675.0,23.0
740,1162342.0,24.0
741,1165565.0,23.0
742,1166184.0,26.0
743,1012252.0,18.0
744,1080284.0,25.0
745,1043817.0,25.0
746,1108083.0,19.0
747,1023339.0,21.0
748,1163589.0,24.0
749,1052800.0,21.0
750,1033782.0,26.0
751,1079307.0,27.0
752,1034235.0,24.0
753,1028501.0,23.0
754,1045230.0,27.0
755,1087395.0,25.0
756,1011154.0,22.0
757,1138918.0,27.0
758,1145767.0,18.0
759,1028515.0,27.0
760,1054884.0,21.0
761,1033771.0,19.0
762,1011770.0,18.0
763,1052792.0,22.0
764,1056749.0,26.0
765,1160810.0,18.0
766,1020868.0,27.0
767,108363.0,19.0
768,1105283.0,21.0
769,1044814.0,25.0
770,1076224.0,26.0
771,1098111.0,22.0
772,1013969.0,24.0
773,1020377.0,26.0
774,1154882.0,18.0
775,1057334.0,26.0
776,1166284.0,19.0
777,1138878.0,22.0
778,1025425.0,27.0
779,1055401.0,21.0
780,1030966.0,20.0
781,1104555.0,25.0
782,1097836.0,26.0
783,1048677.0,21.0
784,1014219.0,27.0
785,1074693.0,27.0
786,1107685.0,20.0
787,1094305.0,22.0
788,1043936.0,21.0
789,1078223.0,25.0
790,1026482.0,27.0
791,1014156.0,24.0
792,1013088.0,24.0
793,1035113.0,26.0
794,1012996.0,27.0
795,1105625.0,27.0
796,1005140.0,20.0
797,1036936.0,23.0
798,1045235.0,27.0
799,1055084.0,20.0
800,1085539.0,27.0
801,1028622.0,27.0
802,182521.0,22.0
803,1011434.0,20.0
804,1124692.0,24.0
805,1158056.0,25.0
806,1163650.0,23.0
807,1165757.0,26.0
808,1166158.0,21.0
809,1023326.0,22.0
810,1027461.0,26.0
811,1029464.0,21.0
812,1087175.0,21.0
813,1154605.0,22.0
814,1027010.0,23.0
815,1060893.0,21.0
816,1023935.0,25.0
817,1056711.0,25.0
818,180164.0,22.0
819,1125382.0,18.0
820,1165876.0,19.0
821,1159800.0,21.0
822,1055400.0,27.0
823,1060728.0,23.0
824,1165534.0,24.0
825,1094090.0,21.0
826,1019972.0,19.0
827,1166342.0,19.0
828,1087296.0,27.0
829,1149630.0,25.0
830,1165461.0,20.0
831,1021835.0,21.0
832,1058474.0,20.0
833,1163782.0,18.0
834,1045232.0,20.0
835,1079281.0,22.0
836,1103815.0,26.0
837,1162582.0,25.0
838,1165871.0,24.0
839,1165885.0,27.0
840,1165551.0,21.0
841,1077793.0,22.0
842,1033698.0,27.0
843,146005.0,22.0
844,1132709.0,23.0
845,1078760.0,24.0
846,1011293.0,27.0
847,1013248.0,20.0
848,1013620.0,24.0
849,1117440.0,26.0
850,1145700.0,18.0
851,1165996.0,27.0
852,1166143.0,27.0
853,1078648.0,23.0
854,1063299.0,26.0
855,1090350.0,18.0
856,1023063.0,25.0
857,1153878.0,19.0
858,1068407.0,24.0
859,1162729.0,18.0
860,1154017.0,20.0
861,102236.0,22.0
862,1099701.0,21.0
863,1160499.0,27.0
864,1138959.0,23.0
865,1023614.0,22.0
866,1056747.0,25.0
867,1013164.0,25.0
868,1036290.0,18.0
869,1132502.0,27.0
870,1037338.0,19.0
871,1051088.0,20.0
872,1139429.0,26.0
873,1163765.0,18.0
874,1111570.0,25.0
875,1029322.0,18.0
876,1166842.0,25.0
877,102092.0,21.0
878,1103825.0,18.0
879,1079298.0,19.0
880,1161538.0,20.0
881,1011423.0,19.0
882,1023538.0,26.0
883,1031011.0,23.0
884,1040726.0,26.0
885,1081801.0,20.0
886,1087178.0,18.0
887,1108001.0,21.0
888,1138923.0,21.0
889,1154557.0,18.0
890,1162600.0,19.0
891,1164482.0,27.0
892,1157546.0,19.0
893,1034219.0,18.0
894,1046162.0,19.0
895,102831.0,23.0
896,1014868.0,22.0
897,1021669.0,24.0
898,1052797.0,27.0
899,1033368.0,19.0
900,1118640.0,18.0
901,1026446.0,26.0
902,1166294.0,27.0
903,1020204.0,18.0
904,1084294.0,19.0
905,1045224.0,24.0
906,1105274.0,24.0
907,1011721.0,25.0
908,1043193.0,25.0
909,1118331.0,24.0
910,1023484.0,20.0
911,1036276.0,23.0
912,101986.0,27.0
913,1015980.0,18.0
914,1028896.0,27.0
915,1104823.0,23.0
916,1023559.0,26.0
917,1068403.0,21.0
918,1164570.0,20.0
919,1013953.0,22.0
920,1154594.0,24.0
921,1162640.0,18.0
922,1089241.0,27.0
923,1165880.0,21.0
924,1094478.0,25.0
925,1118488.0,27.0
926,1164491.0,19.0
927,1026735.0,26.0
928,1036471.0,21.0
929,1166561.0,24.0
930,1101308.0,24.0
931,1043849.0,25.0
932,1123112.0,18.0
933,1023609.0,19.0
934,1022825.0,26.0
935,1011126.0,21.0
936,1021382.0,24.0
937,1028521.0,18.0
938,1154549.0,18.0
939,223288.0,18.0
940,1105800.0,25.0
941,1108002.0,24.0
942,1053015.0,24.0
943,1097739.0,27.0
944,1055021.0,19.0
945,1053254.0,19.0
946,1074743.0,24.0
947,1027443.0,21.0
948,1025962.0,20.0
949,1023685.0,21.0
950,1056741.0,23.0
951,1068167.0,20.0
952,1113413.0,24.0
953,1124507.0,22.0
954,1154633.0,18.0
955,116363.0,25.0
956,1129399.0,21.0
957,1038492.0,22.0
958,1162711.0,23.0
959,1097814.0,20.0
960,1033849.0,20.0
961,1125379.0,26.0
962,1132680.0,25.0
963,1010784.0,27.0
964,1034036.0,20.0
965,1048685.0,20.0
966,1024525.0,23.0
967,1107287.0,23.0
968,1027202.0,26.0
969,1058859.0,25.0
970,1011243.0,20.0
971,1078787.0,23.0
972,1022969.0,20.0
973,1058481.0,18.0
974,1030823.0,24.0
975,1074733.0,25.0
976,1156946.0,24.0
977,1027198.0,20.0
978,1082945.0,25.0
979,1063296.0,18.0
980,1132648.0,26.0
981,1105640.0,22.0
982,1083001.0,25.0
983,1059780.0,26.0
984,1078754.0,27.0
985,1163808.0,25.0
986,1166310.0,23.0
987,1149229.0,26.0
988,1020169.0,27.0
989,1154597.0,18.0
990,1059805.0,18.0
991,1166327.0,24.0
992,1052836.0,19.0
993,1082771.0,23.0
994,1097845.0,21.0
995,1072949.0,20.0
996,1098997.0,20.0
997,1129193.0,25.0
998,1145753.0,25.0
999,1154540.0,19.0
1000,1165479.0,20.0
1001,1165553.0,23.0
1002,1013060.0,18.0
1003,1124658.0,22.0
1004,1105628.0,23.0
1005,1105269.0,25.0
1006,1166856.0,18.0
1007,1089520.0,24.0
1008,1051110.0,23.0
1009,1005290.0,20.0
1010,1028620.0,18.0
1011,1034660.0,18.0
1012,1111699.0,22.0
1013,1150612.0,26.0
1014,1059801.0,21.0
1015,1098081.0,22.0
1016,1020187.0,23.0
1017,1088955.0,25.0
1018,1097651.0,27.0
1019,1138972.0,26.0
1020,1014019.0,22.0
1021,1162720.0,19.0
1022,1094512.0,19.0
1023,1014148.0,26.0
1024,1166840.0,27.0
1025,1079283.0,24.0
1026,1158246.0,25.0
1027,1080267.0,18.0
1028,1045792.0,27.0
1029,1110542.0,24.0
1030,1083109.0,23.0
1031,1166845.0,27.0
1032,1105255.0,23.0
1033,102446.0,22.0
1034,1026929.0,21.0
1035,1053351.0,25.0
1036,1060882.0,21.0
1037,1105132.0,21.0
1038,1110298.0,19.0
1039,1116981.0,19.0
1040,1149773.0,21.0
1041,1162021.0,27.0
1042,1163930.0,22.0
1043,1165463.0,24.0
1044,1166424.0,18.0
1045,1094465.0,23.0
1046,1046482.0,20.0
1047,1058858.0,20.0
1048,1153278.0,19.0
1049,1020654.0,23.0
1050,1036495.0,21.0
1051,1097682.0,24.0
1052,1013998.0,20.0
1053,1077546.0,23.0
1054,1052080.0,24.0
1055,1127858.0,23.0
1056,1039380.0,26.0
1057,1093333.0,25.0
1058,1058854.0,24.0
1059,1074730.0,24.0
1060,1030816.0,27.0
1061,109481.0,19.0
1062,1160480.0,19.0
1063,1166272.0,21.0
1064,1097733.0,27.0
1065,156968.0,24.0
1066,1083244.0,27.0
1067,1163606.0,20.0
1068,1059733.0,21.0
1069,107302.0,27.0
1070,116754.0,18.0
1071,1086558.0,22.0
1072,201144.0,20.0
1073,1023661.0,23.0
1074,113428.0,19.0
1075,1048672.0,26.0
1076,1150389.0,27.0
1077,1152337.0,18.0
1078,1059796.0,26.0
1079,1087374.0,25.0
1080,1094126.0,21.0
1081,1159760.0,21.0
1082,1093575.0,25.0
1083,1163608.0,21.0
1084,1098070.0,23.0
1085,1166857.0,22.0
1086,1011187.0,22.0
1087,1124634.0,24.0
1088,1014131.0,27.0
1089,1023320.0,27.0
1090,1020166.0,19.0
1091,1165873.0,22.0
1092,1111500.0,20.0
1093,1011586.0,22.0
1094,1023797.0,23.0
1095,1163944.0,22.0
1096,1087402.0,27.0
1097,1154478.0,20.0
1098,1165470.0,22.0
1099,1051398.0,20.0
1100,1054027.0,22.0
1101,1059698.0,23.0
1102,1013943.0,18.0
1103,1011153.0,18.0
1104,1156943.0,22.0
1105,1036333.0,24.0
1106,108326.0,19.0
1107,1056727.0,25.0
1108,1094270.0,20.0
1109,1107993.0,25.0
1110,1107722.0,19.0
1111,102981.0,27.0
1112,1028536.0,25.0
1113,1052771.0,19.0
1114,1085376.0,23.0
1115,1111795.0,23.0
1116,1160478.0,27.0
1117,1154911.0,23.0
1118,1013979.0,22.0
1119,1048353.0,25.0
1120,1118264.0,22.0
1121,1087541.0,21.0
1122,1023850.0,25.0
1123,1054163.0,24.0
1124,108470.0,21.0
1125,1145762.0,18.0
1126,1165856.0,22.0
1127,1011515.0,27.0
1128,1045102.0,22.0
1129,1011471.0,19.0
1130,1105289.0,24.0
1131,1053045.0,18.0
1132,1055076.0,25.0
1133,1104542.0,24.0
1134,1012235.0,25.0
1135,1059855.0,19.0
1136,109561.0,27.0
1137,1034056.0,21.0
1138,1104822.0,24.0
1139,1053268.0,19.0
1140,1012970.0,21.0
1141,1022296.0,18.0
1142,1093841.0,22.0
1143,1052083.0,26.0
1144,180063.0,18.0
1145,1028539.0,20.0
1146,1156951.0,18.0
1147,1046368.0,27.0
1148,1145626.0,21.0
1149,1166144.0,23.0
1150,1013737.0,20.0
1151,1104553.0,24.0
1152,1104550.0,25.0
1153,1079304.0,24.0
1154,1027384.0,18.0
1155,1078742.0,26.0
1156,1076226.0,18.0
1157,1165850.0,26.0
1158,1027120.0,18.0
1159,1118371.0,19.0
1160,1060891.0,22.0
1161,1165851.0,24.0
1162,1023648.0,21.0
1163,1159762.0,20.0
1164,1041573.0,24.0
1165,1094313.0,22.0
1166,1074689.0,26.0
1167,1164201.0,27.0
1168,1020735.0,24.0
1169,1041578.0,20.0
1170,1058871.0,21.0
1171,1045108.0,26.0
1172,1055494.0,20.0
1173,1139428.0,27.0
1174,106710.0,27.0
1175,113307.0,20.0
1176,1011396.0,26.0
1177,1013037.0,23.0
1178,1013230.0,26.0
1179,1013506.0,21.0
1180,1020349.0,23.0
1181,1024621.0,20.0
1182,1024644.0,19.0
1183,1028888.0,25.0
1184,1106851.0,27.0
1185,1126231.0,18.0
1186,1158007.0,19.0
1187,1165472.0,25.0
1188,1166354.0,27.0
1189,1166434.0,26.0
1190,1166457.0,19.0
1191,102889.0,22.0
1192,1103840.0,27.0
1193,1016024.0,26.0
1194,1021494.0,25.0
1195,1163591.0,25.0
1196,1166562.0,27.0
1197,1140526.0,20.0
1198,1097833.0,26.0
1199,1097662.0,20.0
1200,1107995.0,18.0
1201,1037137.0,18.0
1202,1124594.0,25.0
1203,1065290.0,21.0
1204,1164629.0,21.0
1205,1162025.0,25.0
1206,109574.0,25.0
1207,1079182.0,18.0
1208,1012967.0,23.0
1209,1159766.0,21.0
1210,1013185.0,21.0
1211,1166073.0,20.0
1212,1097670.0,19.0
1213,1027152.0,24.0
1214,1074688.0,22.0
1215,1097661.0,21.0
1216,1156812.0,19.0
1217,1166064.0,18.0
1218,1037329.0,19.0
1219,1052390.0,23.0
1220,1011178.0,24.0
1221,1166408.0,18.0
1222,1124689.0,18.0
1223,1034203.0,25.0
1224,1118425.0,22.0
1225,1124700.0,21.0
1226,1154889.0,25.0
1227,1125715.0,26.0
1228,1014189.0,27.0
1229,1059725.0,20.0
1230,1020676.0,21.0
1231,1078783.0,23.0
1232,1021750.0,25.0
1233,1026667.0,20.0
1234,1153368.0,20.0
1235,1126138.0,20.0
1236,1165537.0,19.0
1237,1076287.0,27.0
1238,1030828.0,18.0
1239,1054072.0,19.0
1240,1020347.0,26.0
1241,1166373.0,20.0
1242,1023530.0,20.0
1243,1055034.0,23.0
1244,1043215.0,26.0
1245,1035957.0,21.0
1246,101996.0,23.0
1247,1125387.0,21.0
1248,1088941.0,22.0
1249,1013128.0,24.0
1250,108764.0,19.0
1251,1060772.0,24.0
1252,1165863.0,20.0
1253,1093564.0,23.0
1254,1013046.0,20.0
1255,1014400.0,19.0
1256,1162419.0,22.0
1257,1023863.0,27.0
1258,1060708.0,22.0
1259,1162372.0,23.0
1260,1052774.0,25.0
1261,1053448.0,22.0
1262,1166068.0,23.0
1263,1082519.0,27.0
1264,1006726.0,24.0
1265,1010856.0,24.0
1266,1013948.0,22.0
1267,1020354.0,25.0
1268,1026978.0,20.0
1269,1100018.0,18.0
1270,1154897.0,21.0
1271,1166121.0,24.0
1272,1166860.0,18.0
1273,1104819.0,23.0
1274,1052082.0,25.0
1275,1154853.0,25.0
1276,1026595.0,24.0
1277,1084798.0,23.0
1278,1108237.0,25.0
1279,1055282.0,27.0
1280,1154570.0,19.0
1281,1028534.0,25.0
1282,1107081.0,18.0
1283,1055004.0,18.0
1284,1166409.0,26.0
1285,1045212.0,22.0
1286,1161518.0,23.0
1287,1083217.0,22.0
1288,1154457.0,24.0
1289,180873.0,20.0
1290,1156700.0,22.0
1291,1033570.0,25.0
1292,1154447.0,25.0
1293,1022982.0,21.0
1294,1030817.0,20.0
1295,1138957.0,26.0
1296,1163982.0,23.0
1297,116633.0,19.0
1298,1166407.0,19.0
1299,1045104.0,23.0
1300,1160809.0,18.0
1301,1036337.0,19.0
1302,1111963.0,20.0
1303,1158054.0,26.0
1304,1163994.0,25.0
1305,1036288.0,25.0
1306,1043828.0,20.0
1307,1079141.0,21.0
1308,1111705.0,23.0
1309,1030654.0,24.0
1310,1020168.0,19.0
1311,1056742.0,25.0
1312,1158000.0,24.0
1313,1166106.0,19.0
1314,1078497.0,20.0
1315,1097758.0,21.0
1316,1093569.0,25.0
1317,1056721.0,23.0
1318,1162004.0,18.0
1319,1046329.0,26.0
1320,1011042.0,24.0
1321,1083611.0,22.0
1322,1011214.0,18.0
1323,1111477.0,18.0
1324,1028624.0,21.0
1325,1123100.0,19.0
1326,1013065.0,20.0
1327,1074686.0,26.0
1328,1100266.0,27.0
1329,1154561.0,23.0
1330,1166468.0,25.0
1331,1021739.0,24.0
1332,1125649.0,26.0
1333,1060771.0,25.0
1334,1053200.0,25.0
1335,1055706.0,22.0
1336,1027141.0,20.0
1337,1082822.0,21.0
1338,1154014.0,25.0
1339,1154018.0,24.0
1340,1027303.0,24.0
1341,1013273.0,18.0
1342,1020369.0,20.0
1343,1036299.0,25.0
1344,1105647.0,23.0
1345,1161541.0,26.0
1346,1165556.0,23.0
1347,1166229.0,25.0
1348,1156782.0,19.0
1349,1162388.0,22.0
1350,1105281.0,21.0
1351,1013496.0,26.0
1352,1079291.0,18.0
1353,1074691.0,25.0
1354,1152370.0,21.0
1355,1162636.0,27.0
1356,1104547.0,25.0
1357,1156785.0,20.0
1358,1126227.0,22.0
1359,1059760.0,23.0
1360,1058856.0,24.0
1361,1163605.0,19.0
1362,1132656.0,19.0
1363,1054013.0,23.0
1364,1058861.0,27.0
1365,1087371.0,20.0
1366,1020192.0,18.0
1367,1026561.0,21.0
1368,1166191.0,26.0
1369,1097773.0,26.0
1370,1160752.0,25.0
1371,1024047.0,27.0
1372,1049844.0,20.0
1373,1021336.0,18.0
1374,1045052.0,22.0
1375,1105520.0,18.0
1376,1125466.0,23.0
1377,1138932.0,26.0
1378,1150536.0,24.0
1379,1026009.0,22.0
1380,1078931.0,18.0
1381,109671.0,20.0
1382,101992.0,18.0
1383,1034080.0,25.0
1384,1112504.0,24.0
1385,157630.0,27.0
1386,1084275.0,20.0
1387,1083118.0,21.0
1388,1138933.0,23.0
1389,1104552.0,21.0
1390,1149151.0,27.0
1391,1164028.0,27.0
1392,1125656.0,23.0
1393,116743.0,22.0
1394,1166281.0,26.0
1395,1019663.0,26.0
1396,1020675.0,18.0
1397,1013940.0,22.0
1398,1027186.0,20.0
1399,1056750.0,24.0
1400,1108010.0,24.0
1401,1156617.0,19.0
1402,1011686.0,19.0
1403,156969.0,27.0
1404,1108000.0,24.0
1405,1166469.0,27.0
1406,1011719.0,27.0
1407,1165846.0,21.0
1408,1023432.0,18.0
1409,1056753.0,23.0
1410,1167060.0,26.0
1411,1045211.0,26.0
1412,1023305.0,25.0
1413,1150534.0,22.0
1414,1020352.0,20.0
1415,1082998.0,18.0
1416,1154832.0,26.0
1417,1167080.0,23.0
1418,1014044.0,19.0
1419,1082743.0,19.0
1420,1166046.0,23.0
1421,1166328.0,26.0
1422,1042095.0,20.0
1423,1125673.0,20.0
1424,1152387.0,22.0
1425,1012991.0,20.0
1426,1023596.0,26.0
1427,1022001.0,26.0
1428,1048697.0,18.0
1429,1105243.0,27.0
1430,1118646.0,27.0
1431,1021348.0,25.0
1432,1060884.0,27.0
1433,1157139.0,27.0
1434,1023564.0,20.0
1435,1098042.0,20.0
1436,1132702.0,19.0
1437,1084293.0,24.0
1438,1020691.0,19.0
1439,1074713.0,23.0
1440,1108020.0,22.0
1441,1162643.0,21.0
1442,1024104.0,19.0
1443,180853.0,27.0
1444,1027479.0,24.0
1445,1124637.0,20.0
1446,1026968.0,23.0
1447,1053269.0,22.0
1448,1098029.0,24.0
1449,116761.0,23.0
1450,1076218.0,22.0
1451,1118504.0,27.0
1452,1028630.0,20.0
1453,1124534.0,23.0
1454,1014789.0,24.0
1455,1163998.0,24.0
1456,1026884.0,22.0
1457,1149478.0,21.0
1458,1026953.0,20.0
1459,1150652.0,23.0
1460,102114.0,22.0
1461,1150637.0,23.0
1462,1094646.0,21.0
1463,1153083.0,18.0
1464,1014005.0,24.0
1465,1054269.0,20.0
1466,103137.0,26.0
1467,1167081.0,21.0
1468,1153478.0,26.0
1469,1055285.0,25.0
1470,1033152.0,26.0
1471,1059822.0,23.0
1472,1139431.0,21.0
1473,1005485.0,21.0
1474,1011435.0,26.0
1475,182660.0,23.0
1476,1074702.0,19.0
1477,1104551.0,19.0
1478,1153095.0,19.0
1479,156960.0,23.0
1480,1163595.0,19.0
1481,1086501.0,23.0
1482,1108089.0,26.0
1483,1138948.0,21.0
1484,1028904.0,18.0
1485,1037273.0,23.0
1486,1081144.0,24.0
1487,1013256.0,18.0
1488,1139432.0,27.0
1489,1116754.0,21.0
1490,1091670.0,27.0
1491,1132638.0,21.0
1492,1154887.0,19.0
1493,1080275.0,18.0
1494,1037083.0,21.0
1495,1058227.0,19.0
1496,1158006.0,24.0
1497,1078772.0,20.0
1498,156957.0,26.0
1499,1118368.0,20.0
1500,1138950.0,23.0
1501,1097647.0,27.0
1502,111860.0,18.0
1503,1154914.0,22.0
1504,1166118.0,25.0
1505,1157579.0,25.0
1506,108560.0,27.0
1507,1023394.0,20.0
1508,1149940.0,19.0
1509,112122.0,26.0
1510,1057573.0,27.0
1511,1107696.0,24.0
1512,1125480.0,19.0
1513,1165875.0,22.0
1514,1164492.0,20.0
1515,1083000.0,25.0
1516,1034996.0,26.0
1517,1158016.0,21.0
1518,1097440.0,26.0
1519,211473.0,25.0
1520,1023262.0,22.0
1521,1150420.0,27.0
1522,1132640.0,23.0
1523,169633.0,21.0
1524,1057963.0,19.0
1525,1020568.0,23.0
1526,1083227.0,27.0
1527,1037115.0,21.0
1528,1067954.0,18.0
1529,1074769.0,19.0
1530,1097696.0,23.0
1531,1162355.0,24.0
1532,1010929.0,27.0
1533,1149230.0,25.0
1534,1015029.0,21.0
1535,1027870.0,18.0
1536,1028619.0,21.0
1537,1078771.0,22.0
1538,1097713.0,27.0
1539,1100777.0,26.0
1540,1156933.0,26.0
1541,1157995.0,24.0
1542,1166119.0,27.0
1543,1166351.0,19.0
1544,1011053.0,23.0
1545,1106337.0,20.0
1546,1053261.0,26.0
1547,1161660.0,22.0
1548,1026530.0,19.0
1549,1162001.0,25.0
1550,116305.0,23.0
1551,173127.0,21.0
1552,1020275.0,21.0
1553,1027255.0,19.0
1554,1027819.0,22.0
1555,1084783.0,19.0
1556,1108084.0,18.0
1557,1088841.0,26.0
1558,1035961.0,21.0
1559,1156950.0,18.0
1560,1163769.0,19.0
1561,1162288.0,26.0
1562,1105139.0,22.0
1563,1161984.0,20.0
1564,1138921.0,18.0
1565,1154852.0,23.0
1566,1166380.0,22.0
1567,1077802.0,23.0
1568,1103841.0,22.0
1569,1098016.0,26.0
1570,1132665.0,23.0
1571,1105815.0,26.0
1572,1166970.0,25.0
1573,1059866.0,26.0
1574,1046376.0,19.0
1575,1080616.0,18.0
1576,1158013.0,18.0
1577,1162719.0,21.0
1578,1132637.0,20.0
1579,116561.0,24.0
1580,1074759.0,27.0
1581,1097751.0,21.0
1582,1013165.0,18.0
1583,1138926.0,21.0
1584,1074725.0,19.0
1585,1023573.0,21.0
1586,1089895.0,24.0
1587,1013784.0,24.0
1588,1162430.0,22.0
1589,1166472.0,25.0
1590,112316.0,21.0
1591,1125669.0,24.0
1592,1020651.0,27.0
1593,1094301.0,25.0
1594,1093651.0,23.0
1595,1011526.0,21.0
1596,1030618.0,21.0
1597,1060876.0,22.0
1598,1068388.0,21.0
1599,1148569.0,23.0
1600,1011346.0,21.0
1601,1162618.0,20.0
1602,1076280.0,26.0
1603,1013955.0,19.0
1604,1088036.0,23.0
1605,180004.0,21.0
1606,1013473.0,18.0
1607,1020364.0,18.0
1608,1022820.0,18.0
1609,1030707.0,20.0
1610,1057957.0,26.0
1611,1126029.0,18.0
1612,1138975.0,19.0
1613,1154891.0,23.0
1614,1158004.0,20.0
1615,1166462.0,25.0
1616,1166849.0,22.0
1617,223278.0,25.0
1618,1150425.0,22.0
1619,1156773.0,25.0
1620,1063298.0,19.0
1621,1044577.0,25.0
1622,1027026.0,26.0
1623,1076705.0,24.0
1624,1156787.0,18.0
1625,1083224.0,23.0
1626,1086046.0,19.0
1627,1156928.0,25.0
1628,1013779.0,27.0
1629,1162617.0,27.0
1630,1054015.0,27.0
1631,1026915.0,26.0
1632,1162210.0,24.0
1633,1158044.0,20.0
1634,1166910.0,26.0
1635,1038489.0,25.0
1636,1082540.0,22.0
1637,1140352.0,21.0
1638,1106923.0,27.0
1639,1078225.0,25.0
1640,1101889.0,27.0
1641,1086103.0,24.0
1642,1028058.0,18.0
1643,1125682.0,22.0
1644,1149472.0,18.0
1645,1023722.0,23.0
1646,1030831.0,21.0
1647,212179.0,19.0
1648,1011371.0,18.0
1649,107468.0,21.0
1650,1037334.0,21.0
1651,1083183.0,24.0
1652,1053435.0,19.0
1653,1082766.0,19.0
1654,1103832.0,25.0
1655,1107728.0,21.0
1656,1157578.0,20.0
1657,1157960.0,20.0
1658,1060734.0,21.0
1659,1098114.0,23.0
1660,1164018.0,26.0
1661,1013413.0,27.0
1662,1014010.0,22.0
1663,1105242.0,18.0
1664,1124582.0,23.0
1665,156949.0,25.0
1666,1082592.0,20.0
1667,1132663.0,22.0
1668,1165866.0,21.0
1669,1098310.0,27.0
1670,1126821.0,18.0
1671,1023283.0,24.0
1672,1081520.0,19.0
1673,1097708.0,24.0
1674,1150259.0,18.0
1675,1053451.0,21.0
1676,1132658.0,27.0
1677,1125723.0,19.0
1678,1033756.0,19.0
1679,1083106.0,18.0
1680,1105131.0,23.0
1681,1162383.0,24.0
1682,1026602.0,20.0
1683,1023405.0,26.0
1684,1124664.0,27.0
1685,1097684.0,26.0
1686,1011805.0,19.0
1687,1020736.0,22.0
1688,1054631.0,27.0
1689,1061492.0,27.0
1690,1084588.0,20.0
1691,1145696.0,21.0
1692,1156013.0,26.0
1693,1164020.0,23.0
1694,1165883.0,20.0
1695,1028833.0,26.0
1696,1043814.0,23.0
1697,1021644.0,24.0
1698,1011438.0,27.0
1699,1166071.0,18.0
1700,1011118.0,25.0
1701,1013147.0,27.0
1702,1011016.0,23.0
1703,1022819.0,25.0
1704,182668.0,24.0
1705,1162284.0,19.0
1706,1059717.0,21.0
1707,1038462.0,27.0
1708,1052842.0,24.0
1709,1054285.0,19.0
1710,1164498.0,22.0
1711,1033287.0,27.0
1712,1113312.0,24.0
1713,1106681.0,22.0
1714,1020838.0,22.0
1715,1054747.0,26.0
1716,1150639.0,19.0
1717,1105796.0,18.0
1718,1158095.0,26.0
1719,1162240.0,24.0
1720,1108013.0,27.0
1721,1010810.0,20.0
1722,1074745.0,20.0
1723,1046526.0,21.0
1724,1023199.0,19.0
1725,1091690.0,19.0
1726,1041467.0,22.0
1727,1036696.0,18.0
1728,1165572.0,25.0
1729,1055001.0,22.0
1730,1036517.0,25.0
1731,1022821.0,25.0
1732,1107085.0,25.0
1733,1044571.0,27.0
1734,1132682.0,20.0
1735,1013551.0,27.0
1736,1026909.0,27.0
1737,1105277.0,25.0
1738,1054151.0,26.0
1739,1079313.0,20.0
1740,1125719.0,23.0
1741,1055033.0,25.0
1742,1013382.0,24.0
1743,1164494.0,22.0
1744,1056717.0,23.0
1745,1154459.0,25.0
1746,1060740.0,27.0
1747,1124540.0,21.0
1748,1145612.0,23.0
1749,1162191.0,19.0
1750,1162682.0,21.0
1751,1165471.0,21.0
1752,1165753.0,24.0
1753,1012255.0,25.0
1754,1097740.0,23.0
1755,1152354.0,20.0
1756,1091429.0,27.0
1757,1063301.0,21.0
1758,1154026.0,23.0
1759,1154542.0,26.0
1760,1055703.0,26.0
1761,1092379.0,19.0
1762,1022951.0,27.0
1763,1020203.0,18.0
1764,1083238.0,27.0
1765,201181.0,23.0
1766,1162363.0,23.0
1767,1027953.0,22.0
1768,1058870.0,23.0
1769,1166485.0,27.0
1770,1162611.0,23.0
1771,1107699.0,24.0
1772,1020359.0,25.0
1773,1145709.0,22.0
1774,111932.0,24.0
1775,1123227.0,19.0
1776,1020360.0,25.0
1777,1045708.0,25.0
1778,1107017.0,22.0
1779,1107078.0,25.0
1780,1166786.0,25.0
1781,1013352.0,22.0
1782,1097940.0,19.0
1783,1013935.0,27.0
1784,1074768.0,26.0
1785,180875.0,24.0
1786,1110400.0,24.0
1787,1122892.0,18.0
1788,1166057.0,25.0
1789,1028831.0,20.0
1790,1033218.0,27.0
1791,1076706.0,24.0
1792,1097808.0,18.0
1793,1026494.0,24.0
1794,1045103.0,26.0
1795,1160823.0,23.0
1796,1074716.0,23.0
1797,1166854.0,23.0
1798,1013919.0,27.0
1799,1020673.0,18.0
1800,1051061.0,18.0
1801,1159765.0,20.0
1802,1013207.0,26.0
1803,1013925.0,22.0
1804,1097869.0,25.0
1805,1083253.0,18.0
1806,1086005.0,19.0
1807,184603.0,27.0
1808,1026811.0,19.0
1809,1074694.0,21.0
1810,1062590.0,18.0
1811,1013942.0,25.0
1812,1052140.0,22.0
1813,1086176.0,26.0
1814,1108228.0,24.0
1815,1126070.0,23.0
1816,1145465.0,20.0
1817,1153474.0,22.0
1818,1153607.0,24.0
1819,1156949.0,24.0
1820,1162717.0,18.0
1821,1163938.0,27.0
1822,1165563.0,22.0
1823,1038495.0,19.0
1824,1152351.0,19.0
1825,1118656.0,22.0
1826,1156774.0,22.0
1827,1126259.0,24.0
1828,120725.0,24.0
1829,1055089.0,22.0
1830,1166277.0,18.0
1831,1023167.0,18.0
1832,1036294.0,23.0
1833,1154020.0,27.0
1834,1074731.0,23.0
1835,1011503.0,24.0
1836,1078661.0,20.0
1837,1084303.0,18.0
1838,1028920.0,25.0
1839,1098037.0,24.0
1840,180935.0,24.0
1841,1020330.0,25.0
1842,1149776.0,24.0
1843,1165528.0,24.0
1844,1166090.0,24.0
1845,1154503.0,25.0
1846,1157141.0,19.0
1847,1011212.0,25.0
1848,1011366.0,24.0
1849,1122870.0,21.0
1850,1125707.0,23.0
1851,1132654.0,25.0
1852,1132668.0,20.0
1853,1058862.0,19.0
1854,1105633.0,25.0
1855,108480.0,25.0
1856,1025648.0,22.0
1857,1063303.0,21.0
1858,1150529.0,26.0
1859,1162638.0,19.0
1860,1023220.0,20.0
1861,180868.0,18.0
1862,1123219.0,25.0
1863,1126257.0,22.0
1864,1015009.0,26.0
1865,1098100.0,25.0
1866,1165881.0,22.0
1867,1154013.0,21.0
1868,1026879.0,20.0
1869,1105798.0,20.0
1870,1020836.0,19.0
1871,1098045.0,20.0
1872,1166559.0,25.0
1873,1164496.0,20.0
1874,1091672.0,21.0
1875,1063774.0,20.0
1876,179763.0,21.0
1877,1028623.0,26.0
1878,1107998.0,24.0
1879,1011613.0,24.0
1880,1037248.0,27.0
1881,1020380.0,20.0
1882,1118545.0,27.0
1883,1011570.0,22.0
1884,1021474.0,24.0
1885,1022997.0,25.0
1886,1053180.0,19.0
1887,1105245.0,25.0
1888,1112493.0,27.0
1889,1125739.0,18.0
1890,1149163.0,26.0
1891,1149909.0,25.0
1892,1153871.0,19.0
1893,1154450.0,21.0
1894,1165533.0,27.0
1895,1165878.0,18.0
1896,1166846.0,26.0
1897,1125694.0,25.0
1898,1124626.0,23.0
1899,1037212.0,24.0
1900,1020340.0,20.0
1901,1023721.0,23.0
1902,1088964.0,20.0
1903,1150526.0,26.0
1904,1036292.0,27.0
1905,1052798.0,26.0
1906,1154748.0,19.0
1907,1023565.0,20.0
1908,1164781.0,26.0
1909,1084307.0,23.0
1910,1055402.0,20.0
1911,180156.0,18.0
1912,1043825.0,19.0
1913,1060743.0,18.0
1914,1158103.0,26.0
1915,1164002.0,23.0
1916,1092558.0,21.0
1917,1167071.0,21.0
1918,1023033.0,20.0
1919,1028556.0,19.0
1920,153092.0,25.0
1921,1166458.0,24.0
1922,109718.0,20.0
1923,1028553.0,22.0
1924,1132530.0,19.0
1925,1006723.0,20.0
1926,1014847.0,18.0
1927,1079266.0,18.0
1928,1138922.0,18.0
1929,1023070.0,18.0
1930,1026596.0,25.0
1931,1152369.0,22.0
1932,1166594.0,27.0
1933,1157577.0,23.0
1934,1163937.0,23.0
1935,1162731.0,19.0
1936,1026625.0,23.0
1937,1058852.0,23.0
1938,1023528.0,23.0
1939,1019948.0,22.0
1940,1154599.0,18.0
1941,1082604.0,18.0
1942,1011848.0,25.0
1943,1024044.0,26.0
1944,1086483.0,18.0
1945,1023720.0,21.0
1946,1082492.0,23.0
1947,1012861.0,23.0
1948,1013453.0,23.0
1949,1020158.0,26.0
1950,1059798.0,22.0
1951,1124685.0,20.0
1952,1132510.0,22.0
1953,1145415.0,26.0
1954,1156832.0,19.0
1955,1166839.0,23.0
1956,1011352.0,23.0
1957,1079268.0,23.0
1958,1080281.0,21.0
1959,1053941.0,24.0
1960,1129398.0,23.0
1961,1156942.0,18.0
1962,1150250.0,22.0
1963,1052823.0,24.0
1964,1102054.0,19.0
1965,1028563.0,21.0
1966,1037224.0,18.0
1967,1078998.0,24.0
1968,1165874.0,19.0
1969,1011774.0,19.0
1970,1034220.0,21.0
1971,1150257.0,18.0
1972,1073251.0,19.0
1973,1107726.0,24.0
1974,1058842.0,24.0
1975,1106336.0,22.0
1976,111969.0,21.0
1977,123091.0,21.0
1978,1023438.0,24.0
1979,1149944.0,18.0
1980,1036515.0,18.0
1981,1160815.0,23.0
1982,1163651.0,20.0
1983,1036939.0,25.0
1984,1013361.0,20.0
1985,1033695.0,18.0
1986,1111710.0,18.0
1987,1040732.0,24.0
1988,1014085.0,19.0
1989,1013918.0,24.0
1990,1020358.0,18.0
1991,1033774.0,27.0
1992,1113341.0,23.0
1993,1132605.0,25.0
1994,179859.0,20.0
1995,1107706.0,21.0
1996,1082705.0,21.0
1997,1027852.0,25.0
1998,1097946.0,22.0
1999,1074747.0,25.0
2000,1023008.0,23.0
2001,1100799.0,22.0
2002,1055019.0,24.0
2003,1166192.0,27.0
2004,1078785.0,20.0
2005,1154016.0,22.0
2006,1122872.0,18.0
2007,1084608.0,20.0
2008,212686.0,20.0
2009,1013232.0,27.0
2010,1021618.0,25.0
2011,1074755.0,19.0
2012,1020195.0,24.0
2013,1156801.0,19.0
2014,1162022.0,26.0
2015,1154544.0,26.0
2016,1090537.0,26.0
2017,1023001.0,20.0
2018,1058869.0,25.0
2019,1097770.0,27.0
2020,1097900.0,24.0
2021,1149128.0,22.0
2022,1154446.0,26.0
2023,1060726.0,20.0
2024,1166423.0,18.0
2025,1036895.0,25.0
2026,1166348.0,23.0
2027,1054759.0,27.0
2028,1149370.0,26.0
2029,1037438.0,23.0
2030,1020730.0,26.0
2031,1138892.0,22.0
2032,1166835.0,24.0
2033,201725.0,19.0
2034,1013208.0,19.0
2035,1013906.0,23.0
2036,1020191.0,21.0
2037,1020383.0,18.0
2038,1023384.0,27.0
2039,1060773.0,20.0
2040,1107520.0,26.0
2041,1154856.0,20.0
2042,1158244.0,26.0
2043,1164784.0,26.0
2044,1166433.0,27.0
2045,1138943.0,26.0
2046,1023589.0,19.0
2047,1026995.0,25.0
2048,1087674.0,20.0
2049,1094312.0,22.0
2050,1084624.0,25.0
2051,1081821.0,26.0
2052,112313.0,26.0
2053,1053378.0,23.0
2054,1054192.0,25.0
2055,1105814.0,18.0
2056,1157991.0,22.0
2057,1011697.0,18.0
2058,1052043.0,20.0
2059,1026624.0,19.0
2060,1011642.0,18.0
2061,1124512.0,21.0
2062,1026721.0,25.0
2063,1099838.0,27.0
2064,1106339.0,19.0
2065,1077541.0,21.0
2066,1149919.0,22.0
2067,1022898.0,19.0
2068,1014095.0,25.0
2069,1150603.0,21.0
2070,102039.0,20.0
2071,1145403.0,24.0
2072,1154591.0,23.0
2073,1154906.0,26.0
2074,1162665.0,22.0
2075,1033742.0,25.0
2076,1089001.0,25.0
2077,1164188.0,20.0
2078,1020672.0,25.0
2079,108275.0,21.0
2080,1021468.0,27.0
2081,1153881.0,27.0
2082,1058866.0,26.0
2083,1045718.0,24.0
2084,1132693.0,22.0
2085,1162630.0,22.0
2086,109492.0,18.0
2087,1163977.0,27.0
2088,1023247.0,18.0
2089,1054331.0,22.0
2090,1126197.0,18.0
2091,1152593.0,25.0
2092,1011808.0,22.0
2093,1036272.0,22.0
2094,1107704.0,19.0
2095,1122885.0,20.0
2096,108620.0,27.0
2097,109498.0,26.0
2098,1091668.0,22.0
2099,1132703.0,25.0
2100,1043844.0,19.0
2101,1023553.0,26.0
2102,1013083.0,27.0
2103,1020135.0,19.0
2104,1028866.0,23.0
2105,1042319.0,22.0
2106,1058850.0,22.0
2107,1111745.0,24.0
2108,1163590.0,27.0
2109,1163915.0,26.0
2110,1166182.0,18.0
2111,1088037.0,22.0
2112,201278.0,24.0
2113,1076229.0,18.0
2114,1116990.0,23.0
2115,1078621.0,19.0
2116,1165531.0,24.0
2117,116590.0,24.0
2118,1021572.0,23.0
2119,1161950.0,18.0
2120,1150533.0,27.0
2121,1158243.0,25.0
2122,1013157.0,27.0
2123,1162417.0,18.0
2124,156966.0,18.0
2125,1030526.0,26.0
2126,1057467.0,18.0
2127,1059755.0,23.0
2128,1148437.0,26.0
2129,1165712.0,19.0
2130,1166112.0,18.0
2131,102626.0,18.0
2132,1026503.0,20.0
2133,1090898.0,27.0
2134,112748.0,22.0
2135,1037398.0,23.0
2136,1105256.0,18.0
2137,1138963.0,23.0
2138,1083231.0,23.0
2139,1045070.0,20.0
2140,1059757.0,26.0
2141,1079279.0,25.0
2142,1037133.0,22.0
2143,1159718.0,20.0
2144,1034051.0,21.0
2145,1013044.0,25.0
2146,1030377.0,26.0
2147,1125709.0,21.0
2148,1094509.0,18.0
2149,1162710.0,22.0
2150,1033359.0,21.0
2151,1154452.0,22.0
2152,1154851.0,22.0
2153,1023670.0,21.0
2154,1145740.0,19.0
2155,1157568.0,18.0
2156,1027173.0,22.0
2157,1056715.0,25.0
2158,1011784.0,20.0
2159,1054165.0,24.0
2160,1125716.0,23.0
2161,1153154.0,23.0
2162,1162008.0,22.0
2163,1059746.0,21.0
2164,1123224.0,21.0
2165,1011856.0,25.0
2166,1027426.0,18.0
2167,1037276.0,27.0
2168,1097985.0,19.0
2169,1116160.0,20.0
2170,1125464.0,27.0
2171,1125640.0,26.0
2172,1149931.0,19.0
2173,1156597.0,26.0
2174,1156948.0,20.0
2175,1167015.0,19.0
2176,1097937.0,18.0
2177,1122894.0,19.0
2178,1013773.0,18.0
2179,1086022.0,23.0
2180,1162385.0,27.0
2181,1028544.0,19.0
2182,1011192.0,25.0
2183,1146466.0,24.0
2184,1082696.0,26.0
2185,1021692.0,25.0
2186,1166459.0,24.0
2187,1010782.0,19.0
2188,1014168.0,24.0
2189,1107710.0,23.0
2190,1054160.0,22.0
2191,1158018.0,23.0
2192,1132714.0,26.0
2193,1030571.0,18.0
2194,1164745.0,23.0
2195,1013698.0,27.0
2196,1097989.0,23.0
2197,1056732.0,19.0
2198,1074712.0,21.0
2199,180044.0,26.0
2200,1097753.0,23.0
2201,1124619.0,27.0
2202,1156917.0,26.0
2203,1158002.0,25.0
2204,1098035.0,21.0
2205,1054111.0,19.0
2206,1042321.0,19.0
2207,1156021.0,18.0
2208,1165853.0,20.0
2209,158927.0,21.0
2210,1027335.0,22.0
2211,1150616.0,26.0
2212,1153895.0,23.0
2213,1166086.0,25.0
2214,1162003.0,18.0
2215,1013911.0,22.0
2216,1020376.0,22.0
2217,1027449.0,24.0
2218,1074729.0,22.0
2219,1105803.0,25.0
2220,1160821.0,27.0
2221,1150254.0,19.0
2222,1094634.0,22.0
2223,1011069.0,19.0
2224,1013156.0,24.0
2225,1020363.0,24.0
2226,1028517.0,22.0
2227,1045290.0,19.0
2228,1011160.0,27.0
2229,1013117.0,27.0
2230,1023041.0,26.0
2231,1026945.0,27.0
2232,1037485.0,18.0
2233,1055696.0,25.0
2234,1145691.0,23.0
2235,1156932.0,26.0
2236,1014186.0,27.0
2237,1014199.0,24.0
2238,1152371.0,23.0
2239,1083221.0,19.0
2240,1084623.0,26.0
2241,1163996.0,25.0
2242,116762.0,21.0
2243,1054663.0,18.0
2244,1164078.0,19.0
2245,1105812.0,24.0
2246,1086410.0,25.0
2247,1145363.0,26.0
2248,111786.0,22.0
2249,1011183.0,22.0
2250,1012956.0,23.0
2251,1145368.0,20.0
2252,1166136.0,22.0
2253,1125528.0,24.0
2254,1052841.0,20.0
2255,1068200.0,27.0
2256,1154394.0,24.0
2257,1156947.0,22.0
2258,1163980.0,22.0
2259,1153151.0,27.0
2260,1154867.0,18.0
2261,1033863.0,19.0
2262,1091068.0,18.0
2263,1145722.0,18.0
2264,112327.0,18.0
2265,1125683.0,21.0
2266,1160756.0,22.0
2267,1020827.0,27.0
2268,1057394.0,25.0
2269,1158039.0,19.0
2270,1163597.0,21.0
2271,1076210.0,21.0
2272,1014039.0,25.0
2273,1088940.0,18.0
2274,1163962.0,27.0
2275,1153323.0,23.0
2276,1164723.0,18.0
2277,1152830.0,21.0
2278,1015240.0,27.0
2279,1124632.0,20.0
2280,1097871.0,18.0
2281,1011651.0,26.0
2282,1097766.0,18.0
2283,1107719.0,18.0
2284,1027360.0,22.0
2285,1011485.0,25.0
2286,1011782.0,23.0
2287,1012911.0,18.0
2288,1019967.0,24.0
2289,1020140.0,26.0
2290,1023563.0,27.0
2291,1058864.0,18.0
2292,1091938.0,21.0
2293,1097710.0,23.0
2294,1149943.0,22.0
2295,1150424.0,26.0
2296,1152822.0,20.0
2297,1156807.0,27.0
2298,1157541.0,22.0
2299,1161961.0,27.0
2300,1162202.0,24.0
2301,1166394.0,27.0
2302,1166785.0,27.0
2303,1027168.0,22.0
2304,102590.0,21.0
2305,1056735.0,19.0
2306,1013404.0,22.0
2307,1162603.0,18.0
2308,1045773.0,25.0
2309,1165747.0,20.0
2310,1087406.0,20.0
2311,106103.0,22.0
2312,1102851.0,25.0
2313,1125752.0,26.0
2314,1089723.0,19.0
2315,1033740.0,25.0
2316,1097608.0,27.0
2317,1158020.0,27.0
2318,1053178.0,27.0
2319,1034243.0,19.0
2320,1059763.0,21.0
2321,1105285.0,21.0
2322,1153865.0,18.0
2323,1118964.0,27.0
2324,1087959.0,23.0
2325,1132741.0,26.0
2326,1022967.0,18.0
2327,1045097.0,26.0
2328,1097750.0,21.0
2329,1060721.0,22.0
2330,1033280.0,24.0
2331,1013699.0,22.0
2332,1052095.0,27.0
2333,1052804.0,24.0
2334,1087194.0,27.0
2335,1163939.0,25.0
2336,1156829.0,24.0
2337,1034238.0,25.0
2338,1102848.0,20.0
2339,1132536.0,23.0
2340,1097674.0,21.0
2341,1020677.0,24.0
2342,1125674.0,24.0
2343,1162211.0,25.0
2344,1156934.0,27.0
2345,1026517.0,20.0
2346,1037331.0,25.0
2347,1084500.0,25.0
2348,1026986.0,18.0
2349,1111540.0,22.0
2350,1125746.0,27.0
2351,1161085.0,19.0
2352,1053361.0,18.0
2353,1162016.0,24.0
2354,1013291.0,21.0
2355,1125661.0,21.0
2356,1154462.0,21.0
2357,1163602.0,21.0
2358,1132671.0,19.0
2359,1080617.0,19.0
2360,1138911.0,26.0
2361,1054029.0,26.0
2362,1078758.0,23.0
2363,1044592.0,26.0
2364,1167061.0,19.0
2365,1097936.0,27.0
2366,1021664.0,19.0
2367,1123113.0,19.0
2368,1020723.0,23.0
2369,1052078.0,27.0
2370,1081352.0,20.0
2371,1149942.0,23.0
2372,1050131.0,19.0
2373,1161200.0,25.0
2374,1094610.0,21.0
2375,1023254.0,18.0
2376,1076219.0,22.0
2377,1023610.0,23.0
2378,1053927.0,21.0
2379,1076207.0,23.0
2380,1097972.0,22.0
2381,1166122.0,24.0
2382,1027306.0,21.0
2383,1027129.0,21.0
2384,1023284.0,26.0
2385,1050925.0,27.0
2386,1102072.0,18.0
2387,116545.0,25.0
2388,1011301.0,19.0
2389,1097825.0,22.0
2390,1164487.0,26.0
2391,1123069.0,18.0
2392,1019645.0,20.0
2393,1125385.0,22.0
2394,1013789.0,18.0
2395,1045238.0,22.0
2396,1013547.0,24.0
2397,1150593.0,26.0
2398,1013101.0,26.0
2399,1022959.0,19.0
2400,112137.0,23.0
2401,1162433.0,22.0
2402,1027121.0,22.0
2403,1138969.0,24.0
2404,1094306.0,26.0
2405,1167056.0,25.0
2406,1023168.0,19.0
2407,1011229.0,24.0
2408,1098073.0,25.0
2409,1013201.0,21.0
2410,102755.0,23.0
2411,1045226.0,23.0
2412,1116583.0,21.0
2413,1118395.0,18.0
2414,1083242.0,22.0
2415,1163951.0,22.0
2416,1165750.0,18.0
2417,1055006.0,26.0
2418,116630.0,22.0
2419,1013110.0,21.0
2420,1162732.0,25.0
2421,1074757.0,23.0
2422,1156923.0,19.0
2423,1126300.0,22.0
2424,1105276.0,25.0
2425,201501.0,23.0
2426,1126235.0,21.0
2427,1164769.0,19.0
2428,1126402.0,27.0
2429,1026930.0,27.0
2430,1149934.0,23.0
2431,1107702.0,18.0
2432,1027473.0,18.0
2433,1154490.0,26.0
2434,1097902.0,25.0
2435,1154558.0,26.0
2436,1162734.0,25.0
2437,1126243.0,25.0
2438,1152338.0,18.0
2439,1023693.0,18.0
2440,1166142.0,21.0
2441,1157134.0,23.0
2442,212915.0,20.0
2443,1045057.0,26.0
2444,1090075.0,20.0
2445,1097858.0,21.0
2446,1118591.0,23.0
2447,1087549.0,19.0
2448,1152334.0,19.0
2449,1162422.0,24.0
2450,1138934.0,22.0
2451,1013885.0,18.0
2452,1145489.0,26.0
2453,1132639.0,22.0
2454,1162364.0,21.0
2455,1163922.0,27.0
2456,180847.0,22.0
2457,1125692.0,22.0
2458,1015025.0,26.0
2459,1138902.0,24.0
2460,1020351.0,19.0
2461,1081191.0,24.0
2462,1166007.0,21.0
2463,1020713.0,20.0
2464,1125391.0,20.0
2465,1145723.0,21.0
2466,1149757.0,19.0
2467,1162266.0,18.0
2468,1164493.0,24.0
2469,1165847.0,26.0
2470,1166177.0,19.0
2471,1166228.0,25.0
2472,1162387.0,20.0
2473,1166587.0,19.0
2474,1045116.0,20.0
2475,1111960.0,21.0
2476,1107697.0,23.0
2477,1014206.0,19.0
2478,1021636.0,22.0
2479,1079287.0,18.0
2480,1093588.0,20.0
2481,1156798.0,20.0
2482,1138937.0,20.0
2483,1132666.0,25.0
2484,1150528.0,20.0
2485,1161103.0,20.0
2486,1162426.0,21.0
2487,1162238.0,27.0
2488,1055016.0,22.0
2489,1021539.0,26.0
2490,1059803.0,26.0
2491,1163940.0,19.0
2492,1023555.0,18.0
2493,1074717.0,21.0
2494,1156702.0,20.0
2495,1013619.0,20.0
2496,1070591.0,21.0
2497,1056737.0,19.0
2498,1057436.0,26.0
2499,1011376.0,23.0
2500,1154553.0,22.0
2501,1154894.0,24.0
2502,1162218.0,26.0
2503,1037274.0,18.0
2504,1021372.0,19.0
2505,1053202.0,22.0
2506,1060687.0,27.0
2507,1094154.0,24.0
2508,1125462.0,18.0
2509,1126295.0,22.0
2510,1157982.0,25.0
2511,1166454.0,25.0
2512,1026731.0,20.0
2513,1126186.0,19.0
2514,1160746.0,19.0
2515,1106328.0,26.0
2516,1138910.0,19.0
2517,1164758.0,20.0
2518,1154586.0,23.0
2519,1111560.0,19.0
2520,1162631.0,27.0
2521,1084446.0,21.0
2522,1014195.0,23.0
2523,1154916.0,19.0
2524,1107698.0,27.0
2525,1021966.0,20.0
2526,1085975.0,24.0
2527,1162432.0,24.0
2528,1094446.0,21.0
2529,1011197.0,25.0
2530,1149189.0,24.0
2531,1149362.0,22.0
2532,1161947.0,26.0
2533,1164780.0,18.0
2534,1104824.0,24.0
2535,1149950.0,24.0
2536,1019939.0,19.0
2537,1088341.0,18.0
2538,1154604.0,23.0
2539,1164766.0,20.0
2540,1153889.0,25.0
2541,111820.0,20.0
2542,1027273.0,21.0
2543,1033775.0,23.0
2544,1040724.0,21.0
2545,1157130.0,22.0
2546,1165868.0,27.0
2547,1166085.0,19.0
2548,1086529.0,22.0
2549,1132535.0,22.0
2550,1022918.0,26.0
2551,1055702.0,24.0
2552,1083236.0,18.0
2553,1162013.0,19.0
2554,1027110.0,19.0
2555,1125465.0,26.0
2556,1077547.0,25.0
2557,1013084.0,25.0
2558,1023412.0,26.0
2559,1030343.0,20.0
2560,1044993.0,26.0
2561,112127.0,24.0
2562,151104.0,22.0
2563,1011312.0,26.0
2564,1014145.0,24.0
2565,1033552.0,24.0
2566,1052844.0,25.0
2567,1055013.0,26.0
2568,1074708.0,24.0
2569,1097695.0,27.0
2570,1105616.0,23.0
2571,1145431.0,21.0
2572,1149746.0,26.0
2573,1153086.0,24.0
2574,1153482.0,23.0
2575,1159709.0,22.0
2576,1159712.0,20.0
2577,1162616.0,23.0
2578,1132531.0,27.0
2579,1164172.0,22.0
2580,1164720.0,19.0
2581,1123319.0,21.0
2582,1111754.0,19.0
2583,1166049.0,21.0
2584,1033216.0,22.0
2585,1013726.0,25.0
2586,1030341.0,19.0
2587,1054755.0,19.0
2588,212160.0,19.0
2589,201474.0,20.0
2590,1052840.0,26.0
2591,1037258.0,19.0
2592,1013831.0,25.0
2593,1013676.0,24.0
2594,1167065.0,23.0
2595,1028509.0,26.0
2596,1149924.0,22.0
2597,1152882.0,25.0
2598,1023510.0,24.0
2599,1162614.0,23.0
2600,1079310.0,27.0
2601,1111515.0,20.0
2602,1019673.0,22.0
2603,1110565.0,20.0
2604,1125757.0,18.0
2605,1163920.0,23.0
2606,1149169.0,22.0
2607,1022965.0,25.0
2608,1166269.0,22.0
2609,1126412.0,27.0
2610,1054757.0,20.0
2611,1012929.0,20.0
2612,1013112.0,25.0
2613,1055403.0,20.0
2614,1098980.0,20.0
2615,1101828.0,21.0
2616,1126224.0,22.0
2617,1126230.0,19.0
2618,1145585.0,20.0
2619,1145754.0,22.0
2620,1149176.0,19.0
2621,1162195.0,21.0
2622,1162345.0,21.0
2623,1162609.0,21.0
2624,1164119.0,18.0
2625,1165860.0,26.0
2626,109477.0,25.0
2627,1013766.0,18.0
2628,112512.0,24.0
2629,1013017.0,24.0
2630,1022310.0,24.0
2631,1157998.0,20.0
2632,1123053.0,26.0
2633,1014883.0,18.0
2634,1161656.0,25.0
2635,1111125.0,19.0
2636,1030766.0,21.0
2637,1053179.0,22.0
2638,1025661.0,23.0
2639,1059797.0,22.0
2640,1034662.0,22.0
2641,1023551.0,21.0
2642,1087957.0,19.0
2643,1163598.0,22.0
2644,1013045.0,20.0
2645,1021605.0,24.0
2646,1076215.0,22.0
2647,1097726.0,26.0
2648,1154622.0,24.0
2649,1164481.0,19.0
2650,1166043.0,22.0
2651,1154896.0,22.0
2652,1111750.0,26.0
2653,1076710.0,21.0
2654,1081163.0,19.0
2655,1094296.0,24.0
2656,1161110.0,26.0
2657,1052799.0,23.0
2658,1058851.0,25.0
2659,1156935.0,25.0
2660,1164187.0,21.0
2661,1014122.0,18.0
2662,1149772.0,20.0
2663,1132710.0,20.0
2664,1156780.0,27.0
2665,1068406.0,18.0
2666,180863.0,22.0
2667,1019956.0,23.0
2668,1013543.0,24.0
2669,1034055.0,25.0
2670,1105818.0,25.0
2671,1115758.0,21.0
2672,1116101.0,25.0
2673,1152592.0,27.0
2674,1153122.0,27.0
2675,1160479.0,25.0
2676,1107715.0,26.0
2677,1150618.0,18.0
2678,1138889.0,22.0
2679,1023636.0,24.0
2680,1045107.0,22.0
2681,1020201.0,18.0
2682,1113622.0,21.0
2683,1138974.0,22.0
2684,1162020.0,23.0
2685,1097793.0,23.0
2686,1040749.0,24.0
2687,1125492.0,22.0
2688,1158009.0,19.0
2689,1068380.0,27.0
2690,1104827.0,18.0
2691,1013285.0,22.0
2692,1020344.0,25.0
2693,1040742.0,21.0
2694,1079290.0,20.0
2695,1094276.0,19.0
2696,1159752.0,20.0
2697,1055416.0,27.0
2698,1076220.0,21.0
2699,1083250.0,26.0
2700,1045126.0,26.0
2701,1153620.0,22.0
2702,1162221.0,18.0
2703,1138960.0,23.0
2704,1154502.0,27.0
2705,1083324.0,19.0
2706,1161114.0,24.0
2707,1088582.0,22.0
2708,180786.0,19.0
2709,1023709.0,23.0
2710,1149947.0,25.0
2711,1033202.0,24.0
2712,1036296.0,23.0
2713,151170.0,19.0
2714,1021359.0,18.0
2715,1105247.0,18.0
2716,1011483.0,25.0
2717,1099703.0,23.0
2718,1126051.0,18.0
2719,1132740.0,21.0
2720,1138913.0,25.0
2721,1158231.0,18.0
2722,1166108.0,20.0
2723,1074741.0,23.0
2724,1165571.0,18.0
2725,1011123.0,20.0
2726,1028545.0,27.0
2727,1074705.0,22.0
2728,1028505.0,23.0
2729,1156821.0,24.0
2730,1156912.0,21.0
2731,182693.0,25.0
2732,1126080.0,21.0
2733,1140331.0,26.0
2734,1010773.0,20.0
2735,1014171.0,19.0
2736,1161709.0,19.0
2737,1125732.0,23.0
2738,1037211.0,24.0
2739,1053928.0,19.0
2740,1074748.0,20.0
2741,1093549.0,22.0
2742,1164029.0,19.0
2743,1105238.0,23.0
2744,1123056.0,18.0
2745,1162394.0,27.0
2746,1013576.0,24.0
2747,1097971.0,19.0
2748,1020833.0,21.0
2749,1055018.0,22.0
2750,1014155.0,23.0
2751,1094474.0,25.0
2752,1107727.0,27.0
2753,1011238.0,24.0
2754,1074699.0,22.0
2755,1083319.0,20.0
2756,1046171.0,26.0
2757,1162192.0,24.0
2758,1150608.0,20.0
2759,1166843.0,23.0
2760,1157941.0,27.0
2761,1027408.0,22.0
2762,1056748.0,18.0
2763,1082697.0,25.0
2764,1161105.0,19.0
2765,1162359.0,20.0
2766,1011188.0,19.0
2767,1097892.0,20.0
2768,1154461.0,25.0
2769,1013364.0,25.0
2770,1162581.0,24.0
2771,1166065.0,23.0
2772,1157988.0,20.0
2773,1149790.0,25.0
2774,1154019.0,22.0
2775,1157133.0,22.0
2776,1011005.0,23.0
2777,1157583.0,26.0
2778,1111769.0,20.0
2779,1166428.0,25.0
2780,1041577.0,21.0
2781,108345.0,22.0
2782,1023218.0,20.0
2783,1163792.0,19.0
2784,1164770.0,24.0
2785,1022136.0,22.0
2786,1045099.0,27.0
2787,1125424.0,18.0
2788,1164731.0,18.0
2789,1021945.0,20.0
2790,1023587.0,20.0
2791,1052805.0,21.0
2792,1125634.0,20.0
2793,102178.0,25.0
2794,1078220.0,19.0
2795,1020362.0,19.0
2796,1023571.0,18.0
2797,181010.0,20.0
2798,151117.0,20.0
2799,1065179.0,27.0
2800,1145413.0,21.0
2801,1023593.0,22.0
2802,1152874.0,25.0
2803,1085527.0,23.0
2804,108415.0,27.0
2805,1053377.0,23.0
2806,1097810.0,24.0
2807,103169.0,22.0
2808,1021333.0,24.0
2809,1033764.0,23.0
2810,1053467.0,19.0
2811,1083441.0,26.0
2812,1098026.0,27.0
2813,1125659.0,27.0
2814,1154556.0,18.0
2815,1157994.0,20.0
2816,1161669.0,18.0
2817,1165487.0,26.0
2818,1165543.0,23.0
2819,212735.0,21.0
2820,1116777.0,25.0
2821,1157956.0,18.0
2822,1165587.0,25.0
2823,1013975.0,20.0
2824,1156839.0,27.0
2825,1162428.0,18.0
2826,1036503.0,18.0
2827,1158063.0,21.0
2828,1045784.0,25.0
2829,1154596.0,19.0
2830,1020196.0,24.0
2831,1052077.0,18.0
2832,1079271.0,27.0
2833,1145734.0,23.0
2834,1161979.0,25.0
2835,1126035.0,21.0
2836,1167954.0,23.0
2837,1088838.0,27.0
2838,1162353.0,18.0
2839,1164725.0,26.0
2840,1164728.0,22.0
2841,1037232.0,22.0
2842,1149134.0,25.0
2843,1156014.0,26.0
2844,1126149.0,27.0
2845,1013184.0,22.0
2846,1013902.0,24.0
2847,1125472.0,22.0
2848,1034231.0,27.0
2849,1054367.0,25.0
2850,1162427.0,25.0
2851,1156811.0,26.0
2852,1011787.0,23.0
2853,1107985.0,25.0
2854,1104820.0,20.0
2855,1166420.0,26.0
2856,1082813.0,27.0
2857,1060731.0,26.0
2858,1011185.0,26.0
2859,1149972.0,23.0
2860,1165877.0,22.0
2861,1166313.0,18.0
2862,1097738.0,22.0
2863,1084487.0,21.0
2864,1084498.0,19.0
2865,1156020.0,26.0
2866,1074687.0,18.0
2867,1079030.0,27.0
2868,1023562.0,26.0
2869,1055077.0,24.0
2870,1138947.0,24.0
2871,1033653.0,19.0
2872,1152848.0,27.0
2873,1163809.0,26.0
2874,1162365.0,25.0
2875,1132653.0,21.0
2876,1043836.0,19.0
2877,1149779.0,27.0
2878,102439.0,24.0
2879,1023558.0,19.0
2880,1046156.0,23.0
2881,1054043.0,25.0
2882,1156645.0,27.0
2883,1165567.0,27.0
2884,1045160.0,26.0
2885,112567.0,19.0
2886,1048688.0,21.0
2887,1033199.0,21.0
2888,1107694.0,27.0
2889,1145604.0,19.0
2890,1026869.0,19.0
2891,156955.0,24.0
2892,1164777.0,26.0
2893,1161533.0,22.0
2894,1165867.0,19.0
2895,1088948.0,23.0
2896,1124276.0,26.0
2897,1080615.0,25.0
2898,1023708.0,27.0
2899,1011714.0,20.0
2900,1165870.0,19.0
2901,1058868.0,25.0
2902,1138897.0,18.0
2903,1013556.0,20.0
2904,1013639.0,23.0
2905,1023578.0,24.0
2906,1030395.0,24.0
2907,1053496.0,26.0
2908,1061640.0,23.0
2909,1078410.0,24.0
2910,1080262.0,26.0
2911,1086516.0,20.0
2912,1089187.0,23.0
2913,1126321.0,19.0
2914,1145673.0,25.0
2915,1145725.0,21.0
2916,1154912.0,22.0
2917,1156793.0,27.0
2918,1161715.0,23.0
2919,1161996.0,20.0
2920,1162589.0,18.0
2921,1164194.0,22.0
2922,1034045.0,21.0
2923,1149939.0,23.0
2924,1021543.0,21.0
2925,1045059.0,24.0
2926,1084495.0,26.0
2927,1132509.0,24.0
2928,102639.0,23.0
2929,1164775.0,27.0
2930,1145469.0,27.0
2931,1033737.0,25.0
2932,1074728.0,24.0
2933,1030926.0,20.0
2934,1078222.0,27.0
2935,102005.0,23.0
2936,1081140.0,18.0
2937,1097994.0,27.0
2938,1162733.0,18.0
2939,1073265.0,25.0
2940,116704.0,23.0
2941,1166022.0,21.0
2942,1148552.0,26.0
2943,1074698.0,25.0
2944,1040730.0,18.0
2945,1076541.0,19.0
2946,1107738.0,22.0
2947,1145613.0,20.0
2948,1060759.0,20.0
2949,1105822.0,26.0
2950,1109820.0,26.0
2951,1030694.0,27.0
2952,1013704.0,18.0
2953,1105241.0,18.0
2954,1105257.0,19.0
2955,1166021.0,22.0
2956,1097958.0,26.0
2957,1166347.0,25.0
2958,1028900.0,22.0
2959,1033289.0,22.0
2960,1097827.0,21.0
2961,1138954.0,19.0
2962,1145680.0,18.0
2963,1152815.0,24.0
2964,1162404.0,20.0
2965,1167212.0,25.0
2966,1089709.0,26.0
2967,1097943.0,25.0
2968,108494.0,19.0
2969,1045722.0,22.0
2970,1086498.0,18.0
2971,1162024.0,24.0
2972,1074753.0,24.0
2973,1037389.0,19.0
2974,1154482.0,25.0
2975,1013236.0,19.0
2976,1164034.0,25.0
2977,1045080.0,21.0
2978,1082521.0,27.0
2979,1027161.0,27.0
2980,1021748.0,25.0
2981,1023275.0,23.0
2982,1105649.0,19.0
2983,1011752.0,25.0
2984,1014934.0,23.0
2985,1015026.0,22.0
2986,1033753.0,19.0
2987,1078632.0,18.0
2988,1020189.0,25.0
2989,1055569.0,22.0
2990,1166417.0,18.0
2991,1035632.0,27.0
2992,1091675.0,21.0
2993,1110112.0,23.0
2994,1110492.0,26.0
2995,1140420.0,22.0
2996,1161542.0,22.0
2997,1164726.0,21.0
2998,1166242.0,22.0
2999,1089857.0,23.0
3000,1163970.0,26.0
3001,180011.0,22.0
3002,1013030.0,20.0
3003,1038481.0,27.0
3004,1056743.0,22.0
3005,1095730.0,19.0
3006,1150388.0,21.0
3007,1150439.0,25.0
3008,1152372.0,22.0
3009,1153624.0,20.0
3010,1154477.0,25.0
3011,1161256.0,18.0
3012,174485.0,22.0
3013,1023597.0,26.0
3014,1045078.0,27.0
3015,1165975.0,20.0
3016,1011107.0,20.0
3017,1165740.0,27.0
3018,1030688.0,27.0
3019,1046152.0,23.0
3020,1156803.0,21.0
3021,1021386.0,18.0
3022,1033706.0,18.0
3023,1013375.0,23.0
3024,1107986.0,24.0
3025,1055692.0,27.0
3026,1087542.0,20.0
3027,1149921.0,25.0
3028,1022907.0,18.0
3029,1037267.0,21.0
3030,1074720.0,26.0
3031,1166418.0,20.0
3032,1021467.0,18.0
3033,1043216.0,27.0
3034,1052779.0,20.0
3035,1083321.0,20.0
3036,1107988.0,19.0
3037,1078662.0,20.0
3038,212718.0,27.0
3039,1013982.0,21.0
3040,1014161.0,27.0
3041,1067858.0,25.0
3042,1162023.0,24.0
3043,1126361.0,18.0
3044,1164730.0,23.0
3045,1097746.0,23.0
3046,116596.0,26.0
3047,1043808.0,21.0
3048,1084490.0,27.0
3049,1115759.0,18.0
3050,1125724.0,19.0
3051,1161724.0,20.0
3052,1104825.0,21.0
3053,1164751.0,24.0
3054,1165485.0,20.0
3055,1156574.0,25.0
3056,1034647.0,18.0
3057,113318.0,24.0
3058,1026548.0,21.0
3059,1153149.0,18.0
3060,1154883.0,19.0
3061,1165555.0,20.0
3062,1059721.0,21.0
3063,1140357.0,18.0
3064,212445.0,21.0
3065,1055485.0,20.0
3066,1085447.0,25.0
3067,109490.0,24.0
3068,115874.0,20.0
3069,1023577.0,24.0
3070,1100787.0,23.0
3071,1023639.0,27.0
3072,153237.0,23.0
3073,1046175.0,27.0
3074,1026876.0,26.0
3075,1098107.0,23.0
3076,1021729.0,27.0
3077,1100268.0,22.0
3078,1109955.0,25.0
3079,1154592.0,18.0
3080,1167078.0,24.0
3081,1055561.0,19.0
3082,1076222.0,26.0
3083,1125671.0,20.0
3084,1079278.0,23.0
3085,1079300.0,22.0
3086,1107708.0,25.0
3087,1156940.0,25.0
3088,1097861.0,18.0
3089,1153319.0,19.0
3090,1161953.0,22.0
3091,1011142.0,20.0
3092,1145704.0,20.0
3093,1058843.0,22.0
3094,1161937.0,21.0
3095,1013799.0,21.0
3096,1052845.0,27.0
3097,1060885.0,22.0
3098,1107981.0,23.0
3099,1158250.0,24.0
3100,1023311.0,26.0
3101,1014166.0,21.0
3102,1098009.0,21.0
3103,1150538.0,24.0
3104,1162215.0,27.0
3105,1167057.0,22.0
3106,1026284.0,19.0
3107,1013284.0,21.0
3108,1166171.0,19.0
3109,413244.0,21.0
3110,1037424.0,20.0
3111,1164099.0,19.0
3112,1013734.0,26.0
3113,1097911.0,22.0
3114,1145689.0,22.0
3115,1148993.0,22.0
3116,1114728.0,25.0
3117,1126119.0,19.0
3118,1145449.0,19.0
3119,1165564.0,21.0
3120,1048687.0,21.0
3121,1148438.0,21.0
3122,1145713.0,24.0
3123,1074685.0,20.0
3124,1021674.0,18.0
3125,1022994.0,26.0
3126,1023931.0,19.0
3127,1063773.0,25.0
3128,1033640.0,18.0
3129,1138891.0,22.0
3130,1161093.0,24.0
3131,1166415.0,27.0
3132,1058860.0,20.0
3133,1156582.0,23.0
3134,1020137.0,23.0
3135,1013602.0,20.0
3136,1054154.0,21.0
3137,1124528.0,26.0
3138,1145369.0,24.0
3139,1145389.0,27.0
3140,1145572.0,18.0
3141,1149465.0,26.0
3142,1156828.0,18.0
3143,1026566.0,22.0
3144,1013687.0,26.0
3145,1164741.0,22.0
3146,1023613.0,19.0
3147,1107682.0,18.0
3148,201627.0,27.0
3149,1097700.0,20.0
3150,1145411.0,26.0
3151,1145451.0,20.0
3152,1013607.0,19.0
3153,1052091.0,26.0
3154,1107737.0,21.0
3155,1153381.0,24.0
3156,182674.0,23.0
3157,1031610.0,21.0
3158,1068409.0,21.0
3159,179788.0,18.0
3160,1074761.0,19.0
3161,1076277.0,23.0
3162,1161244.0,22.0
3163,1164141.0,24.0
3164,1149916.0,26.0
3165,1078768.0,18.0
3166,1083229.0,25.0
3167,1138904.0,23.0
3168,182696.0,26.0
3169,201522.0,26.0
3170,1052044.0,24.0
3171,1162708.0,23.0
3172,1011650.0,27.0
3173,1086487.0,22.0
3174,1005261.0,18.0
3175,1056716.0,26.0
3176,1163989.0,26.0
3177,1166427.0,22.0
3178,152394.0,23.0
3179,1011206.0,27.0
3180,1045089.0,27.0
3181,1086514.0,27.0
3182,1132695.0,27.0
3183,1150387.0,19.0
3184,1150436.0,27.0
3185,1154485.0,25.0
3186,1162715.0,23.0
3187,1107989.0,20.0
3188,1021352.0,20.0
3189,1098052.0,18.0
3190,1107992.0,24.0
3191,1156696.0,24.0
3192,1124602.0,27.0
3193,1148546.0,27.0
3194,1162243.0,27.0
3195,1013879.0,23.0
3196,1023560.0,25.0
3197,1013260.0,19.0
3198,1019685.0,18.0
3199,1125648.0,24.0
3200,108287.0,20.0
3201,1076225.0,19.0
3202,123277.0,25.0
3203,1019652.0,26.0
3204,1145383.0,23.0
3205,1166138.0,27.0
3206,1166287.0,27.0
3207,1091691.0,21.0
3208,152318.0,23.0
3209,1013467.0,18.0
3210,1045088.0,24.0
3211,1058229.0,22.0
3212,1166078.0,19.0
3213,1074681.0,21.0
3214,1013161.0,22.0
3215,1085992.0,22.0
3216,1015144.0,23.0
3217,1152865.0,19.0
3218,1014162.0,23.0
3219,1057352.0,23.0
3220,1138890.0,25.0
3221,1019662.0,23.0
3222,1021640.0,22.0
3223,1026000.0,26.0
3224,1053449.0,26.0
3225,1091687.0,19.0
3226,1097906.0,27.0
3227,1125666.0,18.0
3228,1145377.0,21.0
3229,1149923.0,20.0
3230,1149925.0,21.0
3231,1153333.0,24.0
3232,1157944.0,23.0
3233,1164739.0,25.0
3234,1165869.0,21.0
3235,1166222.0,24.0
3236,1023369.0,22.0
3237,1014848.0,20.0
3238,1011049.0,24.0
3239,1122882.0,18.0
3240,1162017.0,26.0
3241,1163815.0,21.0
3242,1080842.0,18.0
3243,1162718.0,26.0
3244,201742.0,19.0
3245,1090509.0,20.0
3246,1011597.0,26.0
3247,1036657.0,26.0
3248,1107730.0,26.0
3249,1164764.0,25.0
3250,1105273.0,27.0
3251,1023418.0,21.0
3252,1043934.0,20.0
3253,1097732.0,25.0
3254,1097834.0,27.0
3255,1138912.0,21.0
3256,1052777.0,27.0
3257,1013174.0,24.0
3258,1132679.0,25.0
3259,1005138.0,27.0
3260,1107711.0,24.0
3261,1108094.0,22.0
3262,1020149.0,18.0
3263,1085450.0,27.0
3264,1153283.0,26.0
3265,1163604.0,22.0
3266,1025421.0,23.0
3267,1036339.0,20.0
3268,1054164.0,16.0
3269,1080318.0,18.0
3270,1089243.0,23.0
3271,1111544.0,6.0
3272,1145607.0,21.0
3273,1164477.0,22.0
3274,1166113.0,21.0
3275,1166172.0,16.0
3276,1166378.0,24.0
3277,1036153.0,15.0
3278,1166069.0,14.0
3279,1021408.0,12.0
3280,151078.0,11.0
3281,1028891.0,10.0
3282,1086237.0,11.0
3283,1165560.0,13.0
3284,152252.0,12.0
3285,1013054.0,12.0
3286,1060709.0,14.0
3287,1150427.0,14.0
3288,1164079.0,11.0
3289,1005293.0,12.0
3290,1014008.0,13.0
3291,1023373.0,13.0
3292,1159707.0,14.0
3293,1107705.0,10.0
3294,1027878.0,15.0
3295,108414.0,14.0
3296,1037239.0,13.0
3297,1164779.0,12.0
3298,1078324.0,14.0
3299,1161521.0,15.0
3300,1060860.0,12.0
3301,1124673.0,10.0
3302,1153614.0,14.0
3303,1154865.0,12.0
3304,1156822.0,10.0
3305,1157947.0,10.0
3306,1166195.0,11.0
3307,1162349.0,13.0
3308,152320.0,12.0
3309,1162196.0,14.0
3310,1110026.0,11.0
3311,1022906.0,15.0
3312,1023404.0,13.0
3313,1162434.0,13.0
3314,1162725.0,14.0
3315,1015248.0,13.0
3316,1083316.0,14.0
3317,1162626.0,13.0
3318,1013846.0,11.0
3319,1161534.0,12.0
3320,1087471.0,14.0
3321,1124644.0,12.0
3322,1149745.0,15.0
3323,108508.0,15.0
3324,1022843.0,12.0
3325,1058845.0,14.0
3326,1156945.0,11.0
3327,1164102.0,11.0
3328,1020130.0,11.0
3329,1162632.0,14.0
3330,108265.0,13.0
3331,1053797.0,12.0
3332,1132534.0,10.0
3333,1163904.0,14.0
3334,1140351.0,14.0
3335,1150591.0,11.0
3336,152378.0,13.0
3337,1033354.0,11.0
3338,1097992.0,10.0
3339,1101852.0,14.0
3340,1145194.0,11.0
3341,1161698.0,14.0
3342,1162265.0,14.0
3343,1162639.0,11.0
3344,1165739.0,10.0
3345,1162696.0,13.0
3346,1081173.0,14.0
3347,116742.0,13.0
3348,1019966.0,10.0
3349,1126258.0,15.0
3350,1092928.0,13.0
3351,1163919.0,12.0
3352,1162395.0,15.0
3353,1138909.0,15.0
3354,1164748.0,10.0
3355,1166264.0,15.0
3356,1138881.0,10.0
3357,1149761.0,11.0
3358,1163967.0,15.0
3359,1166141.0,14.0
3360,1166259.0,12.0
3361,1161522.0,10.0
3362,1145679.0,15.0
3363,1011151.0,10.0
3364,1084494.0,11.0
3365,1156017.0,14.0
3366,1011626.0,10.0
3367,1165884.0,14.0
3368,1166412.0,12.0
3369,1145681.0,15.0
3370,102451.0,12.0
3371,1045095.0,14.0
3372,1156926.0,14.0
3373,109473.0,12.0
3374,1112506.0,13.0
3375,1034997.0,11.0
3376,1014144.0,12.0
3377,1087201.0,10.0
3378,1164023.0,11.0
3379,1013613.0,11.0
3380,1013792.0,15.0
3381,1030555.0,11.0
3382,1138903.0,11.0
3383,1115757.0,14.0
3384,1150537.0,10.0
3385,1012250.0,11.0
3386,1110628.0,13.0
3387,1161948.0,14.0
3388,1086932.0,14.0
3389,1158242.0,10.0
3390,110887.0,14.0
3391,1036694.0,13.0
3392,1100803.0,11.0
3393,1108014.0,14.0
3394,1152374.0,11.0
3395,1097930.0,11.0
3396,1164742.0,11.0
3397,1125484.0,11.0
3398,1158021.0,13.0
3399,1038146.0,10.0
3400,1162378.0,12.0
3401,1163988.0,10.0
3402,1153885.0,11.0
3403,151242.0,13.0
3404,1149749.0,11.0
3405,1022311.0,10.0
3406,1098077.0,13.0
3407,1113347.0,13.0
3408,1153870.0,12.0
3409,1163901.0,15.0
3410,1023707.0,10.0
3411,1158037.0,11.0
3412,1148995.0,12.0
3413,1030412.0,11.0
3414,1125728.0,13.0
3415,1126329.0,14.0
3416,1138895.0,15.0
3417,1164761.0,13.0
3418,1013132.0,14.0
3419,1105244.0,14.0
3420,1125644.0,11.0
3421,1164075.0,11.0
3422,1035638.0,12.0
3423,1059864.0,10.0
3424,1157140.0,10.0
3425,1163926.0,15.0
3426,1132632.0,14.0
3427,1021710.0,14.0
3428,1167050.0,10.0
3429,1156022.0,11.0
3430,1021673.0,13.0
3431,1030537.0,15.0
3432,112342.0,11.0
3433,1023509.0,10.0
3434,1039375.0,11.0
3435,1076204.0,14.0
3436,1076228.0,10.0
3437,1084306.0,15.0
3438,1084491.0,14.0
3439,1086963.0,13.0
3440,1087042.0,12.0
3441,1090532.0,13.0
3442,1092744.0,15.0
3443,1162730.0,10.0
3444,1019955.0,11.0
3445,1156892.0,11.0
3446,1014102.0,11.0
3447,1162397.0,12.0
3448,1149767.0,14.0
3449,1013353.0,11.0
3450,1029876.0,12.0
3451,1105823.0,11.0
3452,1092911.0,15.0
3453,1150429.0,10.0
3454,1023143.0,10.0
3455,1026697.0,15.0
3456,1074766.0,11.0
3457,1116778.0,10.0
3458,1023234.0,11.0
3459,1051454.0,10.0
3460,1152884.0,13.0
3461,1161994.0,10.0
3462,1043069.0,14.0
3463,1163896.0,10.0
3464,1078750.0,13.0
3465,1161088.0,10.0
3466,1165557.0,13.0
3467,1107688.0,13.0
3468,1029168.0,14.0
3469,1161095.0,13.0
3470,1011303.0,12.0
3471,1023706.0,13.0
3472,1055690.0,14.0
3473,1059829.0,14.0
3474,1084592.0,13.0
3475,1124642.0,12.0
3476,1132553.0,11.0
3477,1164729.0,10.0
3478,1166451.0,10.0
3479,1166255.0,15.0
3480,1166483.0,10.0
3481,1161532.0,15.0
3482,1149974.0,14.0
3483,1156843.0,12.0
3484,1152810.0,14.0
3485,102088.0,14.0
3486,1033361.0,14.0
3487,1045239.0,14.0
3488,1156699.0,14.0
3489,1149475.0,14.0
3490,1162431.0,11.0
3491,1103843.0,15.0
3492,1165550.0,12.0
3493,1164067.0,13.0
3494,1013022.0,15.0
3495,1097760.0,15.0
3496,1145733.0,13.0
3497,1030787.0,12.0
3498,1078168.0,15.0
3499,1154588.0,12.0
3500,1157954.0,13.0
3501,1158098.0,14.0
3502,179975.0,12.0
3503,1110523.0,11.0
3504,1097818.0,14.0
3505,1059795.0,15.0
3506,1138882.0,10.0
3507,1011363.0,12.0
3508,1012254.0,11.0
3509,1034049.0,10.0
3510,1055003.0,14.0
3511,1086943.0,10.0
3512,1145756.0,12.0
3513,1162369.0,14.0
3514,1166134.0,15.0
3515,1166978.0,11.0
3516,1161112.0,11.0
3517,1034652.0,11.0
3518,1042992.0,11.0
3519,1023525.0,15.0
3520,1058853.0,15.0
3521,1107692.0,10.0
3522,112341.0,11.0
3523,1040746.0,11.0
3524,1150433.0,15.0
3525,1107999.0,10.0
3526,1108090.0,13.0
3527,1156920.0,11.0
3528,1023676.0,10.0
3529,1068159.0,12.0
3530,1129172.0,12.0
3531,1162691.0,14.0
3532,1074715.0,15.0
3533,1125782.0,15.0
3534,1023093.0,14.0
3535,1084276.0,12.0
3536,1086052.0,12.0
3537,1098010.0,12.0
3538,1051109.0,10.0
3539,1076205.0,15.0
3540,1124646.0,12.0
3541,1149968.0,11.0
3542,1153112.0,14.0
3543,1156930.0,13.0
3544,1166153.0,12.0
3545,1015004.0,15.0
3546,1025644.0,10.0
3547,1161517.0,11.0
3548,1011401.0,11.0
3549,1153320.0,14.0
3550,1161081.0,14.0
3551,1162374.0,12.0
3552,1149759.0,13.0
3553,1094128.0,10.0
3554,1107517.0,15.0
3555,1149479.0,15.0
3556,1162437.0,11.0
3557,1164773.0,10.0
3558,1132660.0,10.0
3559,1097631.0,12.0
3560,1033770.0,12.0
3561,1058867.0,12.0
3562,1087966.0,15.0
3563,1125399.0,13.0
3564,1160477.0,14.0
3565,122159.0,11.0
3566,1012943.0,14.0
3567,1154564.0,12.0
3568,1163807.0,10.0
3569,1102174.0,13.0
3570,1021672.0,12.0
3571,1094476.0,10.0
3572,1161704.0,11.0
3573,1153987.0,10.0
3574,1156810.0,10.0
3575,1152349.0,13.0
3576,1108004.0,12.0
3577,1124636.0,13.0
3578,1149183.0,15.0
3579,1162424.0,14.0
3580,1074724.0,13.0
3581,1164181.0,11.0
3582,1067768.0,11.0
3583,1153986.0,12.0
3584,1163969.0,15.0
3585,102015.0,13.0
3586,1138884.0,15.0
3587,1013966.0,15.0
3588,1030081.0,11.0
3589,1125394.0,13.0
3590,1124583.0,10.0
3591,1021606.0,12.0
3592,1015020.0,10.0
3593,1020427.0,13.0
3594,1021663.0,15.0
3595,1073333.0,11.0
3596,1011244.0,10.0
3597,1023145.0,10.0
3598,1107686.0,10.0
3599,1108718.0,13.0
3600,1125645.0,14.0
3601,1145575.0,14.0
3602,1161653.0,13.0
3603,1165988.0,10.0
3604,1126115.0,13.0
3605,1020371.0,15.0
3606,1074770.0,12.0
3607,1165566.0,13.0
3608,1164027.0,14.0
3609,1010968.0,13.0
3610,1011754.0,11.0
3611,1054742.0,14.0
3612,1033362.0,15.0
3613,1166431.0,14.0
3614,1013934.0,13.0
3615,1078741.0,13.0
3616,1107997.0,15.0
3617,1167085.0,10.0
3618,1106924.0,14.0
3619,1153862.0,12.0
3620,1154800.0,11.0
3621,1014896.0,12.0
3622,1165552.0,11.0
3623,1165983.0,14.0
3624,1014979.0,13.0
3625,1027881.0,15.0
3626,1108003.0,11.0
3627,1154593.0,10.0
3628,1164719.0,13.0
3629,179936.0,12.0
3630,1014132.0,11.0
3631,1166464.0,11.0
3632,1011234.0,14.0
3633,1138896.0,13.0
3634,1107151.0,10.0
3635,102568.0,11.0
3636,1150385.0,11.0
3637,1154750.0,11.0
3638,1167093.0,13.0
3639,1097830.0,12.0
3640,1021318.0,10.0
3641,1022912.0,10.0
3642,1138916.0,15.0
3643,1153617.0,15.0
3644,1163981.0,10.0
3645,1097815.0,14.0
3646,1154455.0,10.0
3647,1011661.0,11.0
3648,1156587.0,13.0
3649,1163983.0,11.0
3650,1166438.0,10.0
3651,1163956.0,12.0
3652,1011143.0,15.0
3653,1033722.0,12.0
3654,1094624.0,15.0
3655,1166293.0,15.0
3656,1153860.0,15.0
3657,1013066.0,12.0
3658,1129188.0,11.0
3659,1165745.0,14.0
3660,202512.0,14.0
3661,1122876.0,13.0
3662,102321.0,14.0
3663,1005292.0,11.0
3664,1145353.0,13.0
3665,1156016.0,11.0
3666,1012937.0,14.0
3667,1145502.0,11.0
3668,1132742.0,14.0
3669,1021661.0,12.0
3670,1105282.0,11.0
3671,1149345.0,15.0
3672,1153603.0,10.0
3673,1157536.0,10.0
3674,1078761.0,13.0
3675,1097723.0,12.0
3676,1098106.0,14.0
3677,1162716.0,10.0
3678,1156941.0,14.0
3679,1161241.0,15.0
3680,1105263.0,14.0
3681,1012961.0,15.0
3682,1145715.0,10.0
3683,1154571.0,10.0
3684,1158068.0,12.0
3685,1166268.0,11.0
3686,158938.0,13.0
3687,1138893.0,15.0
3688,1166325.0,15.0
3689,108541.0,10.0
3690,1011529.0,14.0
3691,1074734.0,15.0
3692,1138885.0,11.0
3693,106119.0,15.0
3694,1104830.0,10.0
3695,1163973.0,14.0
3696,1097952.0,14.0
3697,1161116.0,14.0
3698,1161727.0,13.0
3699,1027193.0,11.0
3700,1057534.0,14.0
3701,1149371.0,14.0
3702,1054760.0,11.0
3703,1126427.0,12.0
3704,1033206.0,12.0
3705,1107731.0,13.0
3706,1094396.0,13.0
3707,1104543.0,14.0
3708,1065194.0,12.0
3709,1165979.0,15.0
3710,109479.0,14.0
3711,1019634.0,11.0
3712,1086578.0,15.0
3713,1107695.0,10.0
3714,1107750.0,10.0
3715,1132590.0,12.0
3716,1153600.0,15.0
3717,1156813.0,12.0
3718,1157384.0,13.0
3719,1164750.0,14.0
3720,1166196.0,12.0
3721,1014153.0,10.0
3722,1152597.0,10.0
3723,1158025.0,10.0
3724,1150251.0,10.0
3725,1163818.0,13.0
3726,1105280.0,11.0
3727,1139434.0,14.0
3728,182534.0,10.0
3729,1011581.0,12.0
3730,1138906.0,12.0
3731,1152840.0,13.0
3732,1153291.0,12.0
3733,1153610.0,12.0
3734,1166273.0,12.0
3735,1166274.0,13.0
3736,1023663.0,12.0
3737,1076208.0,11.0
3738,109413.0,13.0
3739,1013487.0,10.0
3740,1156831.0,10.0
3741,1163950.0,12.0
3742,1053343.0,10.0
3743,1161075.0,14.0
3744,1164768.0,14.0
3745,1011227.0,12.0
3746,1166406.0,14.0
3747,1027117.0,12.0
3748,1052848.0,13.0
3749,1165749.0,10.0
3750,1156593.0,12.0
3751,1005525.0,12.0
3752,1110500.0,12.0
3753,1165982.0,13.0
3754,1019963.0,13.0
3755,1162199.0,15.0
3756,1145582.0,14.0
3757,1068391.0,15.0
3758,1107990.0,14.0
3759,1166059.0,15.0
3760,1027858.0,15.0
3761,1123064.0,11.0
3762,1160819.0,11.0
3763,1107740.0,12.0
3764,1125393.0,13.0
3765,1152878.0,11.0
3766,1156896.0,15.0
3767,1163768.0,12.0
3768,1058863.0,10.0
3769,112338.0,10.0
3770,1014917.0,13.0
3771,1052773.0,12.0
3772,1078788.0,14.0
3773,1088752.0,15.0
3774,1097820.0,12.0
3775,1105553.0,14.0
3776,1153883.0,11.0
3777,1154598.0,14.0
3778,1154917.0,10.0
3779,1157531.0,11.0
3780,1166976.0,12.0
3781,1149938.0,11.0
3782,1138914.0,11.0
3783,1094596.0,13.0
3784,1014077.0,13.0
3785,1138887.0,15.0
3786,1125652.0,13.0
3787,1012726.0,12.0
3788,1063531.0,10.0
3789,1165546.0,12.0
3790,1106837.0,9.0
3791,1149135.0,8.0
3792,1010770.0,12.0
3793,1052839.0,11.0
3794,1068441.0,8.0
3795,1079289.0,11.0
3796,1165973.0,10.0
3797,1164049.0,12.0
3798,1022917.0,8.0
3799,1166488.0,9.0
3800,1045140.0,9.0
3801,1106682.0,10.0
3802,1153281.0,10.0
3803,1162722.0,9.0
3804,1164176.0,12.0
3805,1166429.0,11.0
3806,1033213.0,9.0
3807,1034655.0,9.0
3808,1093565.0,9.0
3809,1161665.0,9.0
3810,1165532.0,12.0
3811,1123067.0,10.0
3812,1098061.0,11.0
3813,1152364.0,8.0
3814,1157136.0,8.0
3815,1079461.0,11.0
3816,1145474.0,12.0
3817,1145587.0,10.0
3818,1037132.0,8.0
3819,1152375.0,11.0
3820,1162352.0,10.0
3821,1165589.0,10.0
3822,1162242.0,8.0
3823,1036893.0,9.0
3824,1028503.0,10.0
3825,1028526.0,9.0
3826,1097855.0,10.0
3827,1044829.0,12.0
3828,1027314.0,8.0
3829,1078751.0,12.0
3830,1085775.0,8.0
3831,1126470.0,12.0
3832,1138939.0,8.0
3833,1166116.0,11.0
3834,1166414.0,10.0
3835,1156695.0,10.0
3836,108188.0,11.0
3837,1156939.0,8.0
3838,100312.0,9.0
3839,1051122.0,7.0
3840,1091699.0,9.0
3841,1123047.0,12.0
3842,1140384.0,11.0
3843,1153380.0,7.0
3844,1156824.0,10.0
3845,1162347.0,12.0
3846,1166834.0,10.0
3847,223282.0,9.0
3848,1149254.0,8.0
3849,1097857.0,7.0
3850,1125459.0,9.0
3851,1040745.0,12.0
3852,1033755.0,10.0
3853,1081026.0,9.0
3854,1097986.0,8.0
3855,1164069.0,11.0
3856,1162601.0,11.0
3857,1011018.0,10.0
3858,1076279.0,11.0
3859,1086959.0,7.0
3860,1162702.0,9.0
3861,1161666.0,11.0
3862,1165524.0,11.0
3863,1034083.0,11.0
3864,1156814.0,8.0
3865,1051952.0,11.0
3866,1088937.0,9.0
3867,1125705.0,9.0
3868,1162381.0,7.0
3869,1023512.0,8.0
3870,1132514.0,8.0
3871,1165593.0,11.0
3872,1054616.0,7.0
3873,1027378.0,10.0
3874,1132555.0,8.0
3875,1162360.0,11.0
3876,1060716.0,9.0
3877,1052772.0,8.0
3878,1078646.0,9.0
3879,1156944.0,12.0
3880,1152576.0,8.0
3881,1125456.0,9.0
3882,1163978.0,8.0
3883,1132745.0,8.0
3884,1163933.0,7.0
3885,1089756.0,10.0
3886,1106925.0,9.0
3887,1107979.0,12.0
3888,1153476.0,7.0
3889,1156768.0,7.0
3890,1156830.0,9.0
3891,1156895.0,10.0
3892,1005513.0,8.0
3893,1043194.0,10.0
3894,1081373.0,7.0
3895,1125453.0,10.0
3896,1126089.0,8.0
3897,1156595.0,9.0
3898,1161074.0,7.0
3899,1162664.0,10.0
3900,1166135.0,11.0
3901,1054749.0,9.0
3902,1023686.0,12.0
3903,1025639.0,12.0
3904,1020370.0,11.0
3905,180051.0,10.0
3906,1020356.0,9.0
3907,1162629.0,11.0
3908,1153293.0,12.0
3909,1014090.0,10.0
3910,1054752.0,8.0
3911,1097759.0,8.0
3912,1118937.0,11.0
3913,1123052.0,7.0
3914,1125654.0,12.0
3915,1154908.0,9.0
3916,1161670.0,11.0
3917,1162606.0,7.0
3918,1162675.0,12.0
3919,1118443.0,11.0
3920,1061021.0,12.0
3921,1068394.0,11.0
3922,1107703.0,8.0
3923,1162723.0,7.0
3924,1022900.0,12.0
3925,1125386.0,11.0
3926,1154548.0,7.0
3927,1158252.0,12.0
3928,1159714.0,7.0
3929,1164108.0,8.0
3930,1111587.0,7.0
3931,1039388.0,12.0
3932,1152359.0,11.0
3933,1154888.0,11.0
3934,1162217.0,7.0
3935,1118306.0,10.0
3936,1011058.0,9.0
3937,1023190.0,7.0
3938,1076206.0,8.0
3939,1154738.0,10.0
3940,1156884.0,12.0
3941,1010799.0,12.0
3942,1013233.0,9.0
3943,1048549.0,8.0
3944,1013477.0,7.0
3945,1138894.0,9.0
3946,1014079.0,9.0
3947,1023226.0,8.0
3948,1039371.0,9.0
3949,1063486.0,10.0
3950,1098000.0,10.0
3951,1116188.0,7.0
3952,1148443.0,9.0
3953,1149369.0,7.0
3954,1115756.0,9.0
3955,1165523.0,8.0
3956,1163914.0,10.0
3957,1150382.0,10.0
3958,1154538.0,9.0
3959,1164004.0,9.0
3960,1078659.0,11.0
3961,1020367.0,12.0
3962,1023698.0,11.0
3963,1054999.0,12.0
3964,1111969.0,9.0
3965,1126410.0,12.0
3966,1154742.0,10.0
3967,212694.0,10.0
3968,1091499.0,8.0
3969,1111971.0,10.0
3970,1125651.0,12.0
3971,1154024.0,9.0
3972,1028567.0,7.0
3973,1159710.0,7.0
3974,1080272.0,12.0
3975,1158010.0,7.0
3976,1054743.0,7.0
3977,1138898.0,12.0
3978,1166023.0,8.0
3979,1070497.0,9.0
3980,1105639.0,9.0
3981,1145400.0,10.0
3982,1149791.0,11.0
3983,1165526.0,10.0
3984,1166164.0,11.0
3985,1023682.0,8.0
3986,1052084.0,12.0
3987,1163787.0,11.0
3988,1028869.0,7.0
3989,1065024.0,7.0
3990,1159725.0,8.0
3991,1079315.0,10.0
3992,1082715.0,11.0
3993,1164738.0,9.0
3994,1048676.0,7.0
3995,1013478.0,7.0
3996,1045218.0,10.0
3997,1076227.0,9.0
3998,1103823.0,8.0
3999,1162367.0,8.0
4000,1126097.0,9.0
4001,1163953.0,12.0
4002,1013213.0,7.0
4003,1024529.0,12.0
4004,1153877.0,7.0
4005,1036508.0,11.0
4006,1080263.0,11.0
4007,1020176.0,12.0
4008,1023566.0,10.0
4009,1029887.0,10.0
4010,1097813.0,11.0
4011,1106325.0,9.0
4012,1149935.0,10.0
4013,1161535.0,12.0
4014,1161663.0,12.0
4015,1019954.0,9.0
4016,1125418.0,7.0
4017,1154555.0,7.0
4018,1027429.0,8.0
4019,1140335.0,12.0
4020,1161262.0,8.0
4021,1107687.0,9.0
4022,1111036.0,10.0
4023,1153859.0,11.0
4024,1156698.0,11.0
4025,1157535.0,10.0
4026,1158036.0,11.0
4027,1162689.0,9.0
4028,1020281.0,9.0
4029,1074709.0,7.0
4030,1162264.0,10.0
4031,1162220.0,9.0
4032,1154890.0,8.0
4033,1166421.0,10.0
4034,112334.0,12.0
4035,1097712.0,11.0
4036,1110110.0,9.0
4037,1163916.0,11.0
4038,1116098.0,7.0
4039,1089893.0,7.0
4040,1138899.0,10.0
4041,1161073.0,10.0
4042,1011599.0,7.0
4043,1011668.0,11.0
4044,1027135.0,7.0
4045,1097980.0,7.0
4046,1125455.0,12.0
4047,1126320.0,11.0
4048,1132539.0,7.0
4049,1145423.0,10.0
4050,1154907.0,12.0
4051,1157369.0,12.0
4052,1158015.0,7.0
4053,1162380.0,11.0
4054,1166266.0,7.0
4055,1107681.0,12.0
4056,1145752.0,8.0
4057,152315.0,7.0
4058,1020036.0,10.0
4059,1156644.0,10.0
4060,1057274.0,7.0
4061,1148571.0,10.0
4062,1107712.0,7.0
4063,1149154.0,7.0
4064,1154029.0,7.0
4065,1126143.0,12.0
4066,1138907.0,9.0
4067,1152827.0,10.0
4068,1161089.0,10.0
4069,1166449.0,11.0
4070,1021530.0,9.0
4071,1074710.0,9.0
4072,1097974.0,9.0
4073,1103826.0,8.0
4074,1162011.0,7.0
4075,1164721.0,10.0
4076,1027889.0,9.0
4077,1156591.0,9.0
4078,1156914.0,12.0
4079,1165529.0,10.0
4080,1012941.0,8.0
4081,1015800.0,10.0
4082,1011136.0,12.0
4083,1154864.0,9.0
4084,1149627.0,10.0
4085,1014200.0,12.0
4086,1052782.0,10.0
4087,1089203.0,8.0
4088,1118417.0,12.0
4089,1162198.0,11.0
4090,1166958.0,10.0
4091,1166009.0,10.0
4092,1149368.0,11.0
4093,1162724.0,12.0
4094,1034058.0,7.0
4095,1060719.0,7.0
4096,1158107.0,10.0
4097,1161983.0,7.0
4098,1149359.0,11.0
4099,1158041.0,8.0
4100,1162357.0,7.0
4101,1165517.0,7.0
4102,1059768.0,10.0
4103,1145628.0,9.0
4104,1156799.0,9.0
4105,1111788.0,7.0
4106,1152388.0,10.0
4107,113817.0,11.0
4108,1167082.0,8.0
4109,1013682.0,10.0
4110,1033357.0,10.0
4111,1156023.0,8.0
4112,1161086.0,12.0
4113,1098079.0,7.0
4114,1161536.0,8.0
4115,1060736.0,10.0
4116,1105653.0,11.0
4117,1055071.0,10.0
4118,1163963.0,8.0
4119,1052775.0,7.0
4120,1094311.0,10.0
4121,1097908.0,8.0
4122,1132643.0,12.0
4123,1138905.0,8.0
4124,1162382.0,7.0
4125,1164098.0,12.0
4126,1165987.0,10.0
4127,1006730.0,9.0
4128,1023717.0,7.0
4129,1094437.0,8.0
4130,1020334.0,10.0
4131,1152596.0,12.0
4132,1158001.0,8.0
4133,1034222.0,5.0
4134,1026739.0,5.0
4135,1060766.0,9.0
4136,1108688.0,10.0
4137,1157382.0,8.0
4138,1161981.0,6.0
4139,1165554.0,8.0
4140,1166389.0,7.0
4141,1154576.0,8.0
4142,1014082.0,9.0
4143,1021688.0,10.0
4144,1023556.0,10.0
4145,1164464.0,5.0
4146,1063575.0,6.0
4147,1150535.0,5.0
4148,1158030.0,6.0
4149,1162209.0,7.0
4150,1165592.0,10.0
4151,1011167.0,7.0
4152,1154836.0,8.0
4153,151480.0,6.0
4154,1039396.0,5.0
4155,1076288.0,7.0
4156,1126165.0,5.0
4157,1145362.0,10.0
4158,1011140.0,10.0
4159,1033754.0,7.0
4160,1052085.0,5.0
4161,1066828.0,7.0
4162,1079280.0,5.0
4163,1145479.0,5.0
4164,1149137.0,5.0
4165,1156817.0,10.0
4166,1157540.0,8.0
4167,1161978.0,10.0
4168,1164021.0,7.0
4169,1164131.0,5.0
4170,1164778.0,5.0
4171,1019976.0,6.0
4172,1156918.0,7.0
4173,1055305.0,9.0
4174,1056111.0,9.0
4175,1149239.0,7.0
4176,1011473.0,7.0
4177,1097731.0,6.0
4178,1126211.0,9.0
4179,1126443.0,6.0
4180,1161526.0,7.0
4181,1129209.0,9.0
4182,1164749.0,6.0
4183,1125637.0,7.0
4184,1013188.0,7.0
4185,1019971.0,5.0
4186,1026537.0,8.0
4187,1097822.0,5.0
4188,1014103.0,7.0
4189,1105288.0,5.0
4190,1126209.0,9.0
4191,1164734.0,7.0
4192,184637.0,6.0
4193,1045100.0,10.0
4194,1126467.0,5.0
4195,1132508.0,6.0
4196,1153279.0,7.0
4197,1158045.0,6.0
4198,1161942.0,5.0
4199,1162194.0,7.0
4200,1166289.0,5.0
4201,1132494.0,8.0
4202,1013289.0,8.0
4203,1052778.0,9.0
4204,1154563.0,5.0
4205,1126135.0,5.0
4206,1079303.0,8.0
4207,1162371.0,10.0
4208,1157571.0,9.0
4209,1164072.0,9.0
4210,1012992.0,9.0
4211,1079288.0,5.0
4212,1126190.0,9.0
4213,1013191.0,7.0
4214,1149182.0,9.0
4215,1014846.0,10.0
4216,1079488.0,7.0
4217,1089017.0,5.0
4218,1162392.0,6.0
4219,1166413.0,10.0
4220,116414.0,5.0
4221,1020291.0,7.0
4222,1028535.0,6.0
4223,1043837.0,9.0
4224,1068548.0,7.0
4225,1097598.0,8.0
4226,1097899.0,9.0
4227,1102862.0,7.0
4228,1161971.0,8.0
4229,1164733.0,8.0
4230,1164743.0,6.0
4231,1020028.0,7.0
4232,1156921.0,8.0
4233,1083215.0,5.0
4234,1166107.0,8.0
4235,1011687.0,10.0
4236,1149161.0,10.0
4237,1152341.0,6.0
4238,1023635.0,8.0
4239,1011575.0,7.0
4240,1045094.0,10.0
4241,1149747.0,10.0
4242,1105251.0,8.0
4243,1150381.0,6.0
4244,122156.0,9.0
4245,1162393.0,10.0
4246,1164065.0,9.0
4247,108509.0,6.0
4248,1026633.0,7.0
4249,1145501.0,7.0
4250,1156802.0,5.0
4251,1027867.0,7.0
4252,1149473.0,8.0
4253,1150651.0,5.0
4254,1161130.0,8.0
4255,1161183.0,8.0
4256,1164771.0,8.0
4257,1089007.0,7.0
4258,1026900.0,10.0
4259,1154842.0,7.0
4260,1010873.0,9.0
4261,1052793.0,7.0
4262,1122890.0,10.0
4263,1124542.0,6.0
4264,1013886.0,8.0
4265,1021965.0,9.0
4266,1052784.0,7.0
4267,1124641.0,7.0
4268,1138940.0,8.0
4269,1161519.0,9.0
4270,1165527.0,7.0
4271,152329.0,9.0
4272,1013960.0,7.0
4273,1097754.0,9.0
4274,1157997.0,10.0
4275,1085484.0,9.0
4276,1060088.0,8.0
4277,1013893.0,10.0
4278,1161998.0,5.0
4279,1021919.0,8.0
4280,108604.0,6.0
4281,110925.0,8.0
4282,1019674.0,9.0
4283,1045771.0,9.0
4284,1074752.0,5.0
4285,1126458.0,7.0
4286,1132698.0,10.0
4287,1145427.0,8.0
4288,1152385.0,10.0
4289,1152805.0,7.0
4290,1162204.0,10.0
4291,1166204.0,5.0
4292,1034212.0,9.0
4293,1153465.0,10.0
4294,1164015.0,7.0
4295,1165710.0,10.0
4296,1020374.0,8.0
4297,1103844.0,6.0
4298,1154015.0,8.0
4299,1125695.0,7.0
4300,1013239.0,6.0
4301,1153891.0,5.0
4302,1082593.0,10.0
4303,1158024.0,9.0
4304,1026692.0,8.0
4305,1019637.0,6.0
4306,1156842.0,7.0
4307,1021949.0,7.0
4308,1157586.0,10.0
4309,1081672.0,6.0
4310,1013225.0,8.0
4311,1033242.0,10.0
4312,1037231.0,10.0
4313,1132547.0,8.0
4314,1149197.0,5.0
4315,1154866.0,5.0
4316,1161673.0,7.0
4317,1166419.0,7.0
4318,1132517.0,8.0
4319,1145475.0,5.0
4320,1149783.0,5.0
4321,1162612.0,5.0
4322,1164054.0,9.0
4323,101838.0,8.0
4324,1045234.0,9.0
4325,1101970.0,8.0
4326,1097843.0,6.0
4327,1080282.0,8.0
4328,1153297.0,7.0
4329,1011556.0,7.0
4330,1088883.0,9.0
4331,1125635.0,6.0
4332,1165751.0,7.0
4333,1023683.0,8.0
4334,1094436.0,9.0
4335,1010959.0,10.0
4336,1153472.0,7.0
4337,1125439.0,8.0
4338,1153081.0,8.0
4339,1021666.0,8.0
4340,1149464.0,9.0
4341,1165857.0,5.0
4342,1098041.0,6.0
4343,1164086.0,6.0
4344,1163918.0,5.0
4345,1023259.0,10.0
4346,1074704.0,5.0
4347,1150391.0,5.0
4348,1163995.0,10.0
4349,1157581.0,8.0
4350,1162686.0,10.0
4351,1149144.0,9.0
4352,1162621.0,8.0
4353,1132609.0,7.0
4354,1153876.0,8.0
4355,1011070.0,5.0
4356,1013365.0,6.0
4357,1052781.0,8.0
4358,1161102.0,9.0
4359,1107521.0,6.0
4360,1149750.0,8.0
4361,1164109.0,8.0
4362,1054655.0,5.0
4363,1164373.0,10.0
4364,1080886.0,7.0
4365,202569.0,5.0
4366,1010912.0,8.0
4367,1086551.0,7.0
4368,1105523.0,8.0
4369,1161539.0,6.0
4370,1026988.0,9.0
4371,1125436.0,8.0
4372,1055533.0,10.0
4373,1118372.0,7.0
4374,1013688.0,10.0
4375,1156893.0,7.0
4376,1163957.0,7.0
4377,1163985.0,9.0
4378,1107693.0,5.0
4379,1157132.0,6.0
4380,1118326.0,10.0
4381,115646.0,9.0
4382,1154464.0,10.0
4383,1161092.0,9.0
4384,1108007.0,7.0
4385,1157992.0,6.0
4386,1098021.0,6.0
4387,1162208.0,10.0
4388,1029598.0,9.0
4389,1125657.0,7.0
4390,1161109.0,8.0
4391,1122871.0,6.0
4392,1148435.0,5.0
4393,1162377.0,9.0
4394,1021537.0,6.0
4395,1111808.0,7.0
4396,1150383.0,10.0
4397,1154030.0,7.0
4398,111951.0,8.0
4399,1013222.0,8.0
4400,1031002.0,8.0
4401,1097831.0,10.0
4402,1149769.0,5.0
4403,1059683.0,8.0
4404,1150601.0,6.0
4405,1153383.0,5.0
4406,1011079.0,9.0
4407,1028499.0,7.0
4408,1036873.0,8.0
4409,1040728.0,6.0
4410,1090480.0,6.0
4411,1090481.0,8.0
4412,1149770.0,6.0
4413,155945.0,5.0
4414,158947.0,10.0
4415,1013560.0,10.0
4416,1020697.0,5.0
4417,1107983.0,6.0
4418,1158012.0,10.0
4419,1066840.0,8.0
4420,1145719.0,10.0
4421,1105637.0,5.0
4422,1084432.0,8.0
4423,1163803.0,9.0
4424,1154595.0,8.0
4425,1089500.0,5.0
4426,1024642.0,10.0
4427,1163907.0,5.0
4428,1029450.0,7.0
4429,1162350.0,8.0
4430,1154565.0,7.0
4431,152350.0,5.0
4432,1033710.0,6.0
4433,1097839.0,10.0
4434,1123055.0,8.0
4435,1153874.0,8.0
4436,1162267.0,5.0
4437,1162727.0,10.0
4438,1156701.0,10.0
4439,1162661.0,10.0
4440,1165562.0,5.0
4441,212717.0,8.0
4442,1125725.0,10.0
4443,1150542.0,10.0
4444,1045085.0,10.0
4445,1021329.0,7.0
4446,1094307.0,6.0
4447,1097660.0,7.0
4448,1097787.0,8.0
4449,1161208.0,7.0
4450,1125747.0,5.0
4451,1013269.0,6.0
4452,1013570.0,7.0
4453,1132700.0,6.0
4454,1051452.0,9.0
4455,1053182.0,8.0
4456,1126187.0,10.0
4457,1163964.0,7.0
4458,102942.0,8.0
4459,1132506.0,6.0
4460,1148813.0,10.0
4461,1154625.0,6.0
4462,202523.0,7.0
4463,1152818.0,5.0
4464,109645.0,6.0
4465,1030098.0,10.0
4466,1079297.0,6.0
4467,1037830.0,8.0
4468,1149787.0,8.0
4469,1153113.0,6.0
4470,1154460.0,10.0
4471,201274.0,7.0
4472,1029715.0,8.0
4473,1145198.0,5.0
4474,1154572.0,7.0
4475,1094652.0,6.0
4476,1022990.0,6.0
4477,1068420.0,7.0
4478,1088950.0,6.0
4479,1126053.0,9.0
4480,1164179.0,8.0
4481,1161999.0,5.0
4482,1013348.0,7.0
4483,1089238.0,5.0
4484,1150422.0,5.0
4485,1154915.0,7.0
4486,102009.0,5.0
4487,1053187.0,6.0
4488,1138931.0,8.0
4489,1154539.0,5.0
4490,1162678.0,10.0
4491,1157969.0,6.0
4492,1149928.0,9.0
4493,1163931.0,9.0
4494,1166291.0,8.0
4495,1166497.0,9.0
4496,1156888.0,10.0
4497,1163952.0,8.0
4498,1162703.0,7.0
4499,1167068.0,10.0
4500,223280.0,10.0
4501,1020379.0,5.0
4502,1023601.0,6.0
4503,1053349.0,5.0
4504,1145402.0,5.0
4505,1145488.0,8.0
4506,1148503.0,9.0
4507,1152377.0,5.0
4508,1162605.0,6.0
4509,1164193.0,9.0
4510,1089931.0,5.0
4511,1166271.0,7.0
4512,1013214.0,7.0
4513,1152378.0,8.0
4514,1162358.0,8.0
4515,1162019.0,8.0
4516,1108009.0,6.0
4517,1156899.0,9.0
4518,1116994.0,5.0
4519,1097646.0,6.0
4520,1101979.0,9.0
4521,1105619.0,8.0
4522,1107982.0,10.0
4523,1108725.0,5.0
4524,1149205.0,8.0
4525,1153114.0,10.0
4526,1154554.0,10.0
4527,1013446.0,10.0
4528,1154550.0,8.0
4529,1161525.0,6.0
4530,1148543.0,9.0
4531,1089176.0,5.0
4532,1165974.0,7.0
4533,1028626.0,6.0
4534,1154893.0,7.0
4535,106739.0,6.0
4536,1037256.0,5.0
4537,108767.0,8.0
4538,1110467.0,9.0
4539,1149765.0,8.0
4540,1162343.0,7.0
4541,1166186.0,7.0
4542,1081710.0,7.0
4543,1126124.0,9.0
4544,1150392.0,6.0
4545,1154476.0,8.0
4546,1164174.0,7.0
4547,1107724.0,5.0
4548,1087986.0,5.0
4549,1152604.0,10.0
4550,1154620.0,9.0
4551,1010930.0,8.0
4552,1121533.0,9.0
4553,1126134.0,10.0
4554,1145698.0,6.0
4555,1154560.0,5.0
4556,1158017.0,7.0
4557,1161543.0,9.0
4558,1161946.0,6.0
4559,1162684.0,8.0
4560,1166213.0,8.0
4561,1166411.0,5.0
4562,1059824.0,9.0
4563,1152601.0,5.0
4564,1156938.0,7.0
4565,1126338.0,7.0
4566,1156897.0,6.0
4567,1161099.0,6.0
4568,1083125.0,7.0
4569,1106271.0,7.0
4570,1156015.0,7.0
4571,212707.0,10.0
4572,1152382.0,10.0
4573,1076217.0,6.0
4574,1132664.0,6.0
4575,1132685.0,8.0
4576,1156805.0,10.0
4577,1138877.0,9.0
4578,1164489.0,8.0
4579,1158104.0,5.0
4580,1058844.0,6.0
4581,1048684.0,10.0
4582,1156925.0,10.0
4583,1054761.0,7.0
4584,1162423.0,5.0
4585,1060714.0,5.0
4586,1081921.0,8.0
4587,1116117.0,8.0
4588,1138886.0,7.0
4589,1068434.0,8.0
4590,1149366.0,7.0
4591,1160755.0,5.0
4592,1162205.0,9.0
4593,1013013.0,6.0
4594,1152885.0,7.0
4595,1058857.0,9.0
4596,1098008.0,10.0
4597,1154797.0,10.0
4598,1028908.0,7.0
4599,1078784.0,10.0
4600,1085779.0,10.0
4601,1102172.0,5.0
4602,1149360.0,8.0
4603,1153094.0,6.0
4604,1161652.0,7.0
4605,1162354.0,6.0
4606,1140376.0,7.0
4607,1033380.0,10.0
4608,1076211.0,9.0
4609,1157376.0,8.0
4610,1067789.0,5.0
4611,1055286.0,10.0
4612,1145487.0,6.0
4613,1157375.0,9.0
4614,1054641.0,8.0
4615,1149258.0,5.0
4616,1158100.0,7.0
4617,180188.0,9.0
4618,1132601.0,10.0
4619,1162239.0,6.0
4620,1166109.0,10.0
4621,1045117.0,5.0
4622,1132568.0,5.0
4623,1167010.0,6.0
4624,106712.0,10.0
4625,1125481.0,5.0
4626,1163936.0,8.0
4627,1164045.0,10.0
4628,1157966.0,7.0
4629,1165481.0,7.0
4630,1020385.0,10.0
4631,1163925.0,9.0
4632,1153882.0,9.0
4633,1005294.0,6.0
4634,201524.0,6.0
4635,1111783.0,7.0
4636,1156844.0,6.0
4637,153119.0,5.0
4638,1166180.0,6.0
4639,1084486.0,10.0
4640,1021443.0,7.0
4641,1078657.0,5.0
4642,1088564.0,6.0
4643,1101705.0,5.0
4644,1116041.0,10.0
4645,1132507.0,5.0
4646,1145191.0,6.0
4647,1145766.0,6.0
4648,1149200.0,5.0
4649,1150395.0,8.0
4650,1153858.0,5.0
4651,1156889.0,5.0
4652,1161722.0,10.0
4653,1162688.0,10.0
4654,1166853.0,7.0
4655,1097905.0,5.0
4656,1161701.0,9.0
4657,1123117.0,5.0
4658,1027052.0,8.0
4659,1166977.0,10.0
4660,112697.0,5.0
4661,1166376.0,10.0
4662,1119100.0,6.0
4663,1157131.0,10.0
4664,1158236.0,5.0
4665,1154872.0,10.0
4666,1162009.0,9.0
4667,1052776.0,9.0
4668,1057408.0,8.0
4669,1153615.0,8.0
4670,1166957.0,6.0
4671,201507.0,7.0
4672,1014025.0,9.0
4673,1054374.0,6.0
4674,1087082.0,7.0
4675,1005521.0,10.0
4676,1094315.0,10.0
4677,1145199.0,10.0
4678,1097837.0,6.0
4679,1145583.0,10.0
4680,1153125.0,8.0
4681,1158022.0,7.0
4682,1158040.0,10.0
4683,1153123.0,8.0
4684,1012253.0,5.0
4685,1125409.0,9.0
4686,1034722.0,9.0
4687,1149257.0,10.0
4688,1163942.0,9.0
4689,1034721.0,8.0
4690,1021756.0,6.0
4691,1148997.0,6.0
4692,120715.0,5.0
4693,1014865.0,9.0
4694,1124690.0,8.0
4695,1161248.0,9.0
4696,1011370.0,5.0
4697,1166461.0,9.0
4698,1098022.0,6.0
4699,1162735.0,5.0
4700,1150431.0,7.0
4701,1166959.0,10.0
4702,1125485.0,10.0
4703,1156902.0,6.0
4704,1166370.0,8.0
4705,212159.0,8.0
4706,1145416.0,8.0
4707,1054257.0,9.0
4708,1046377.0,9.0
4709,1098984.0,9.0
4710,1132728.0,6.0
4711,1145206.0,10.0
4712,1161990.0,6.0
4713,1163966.0,8.0
4714,1166210.0,6.0
4715,1125397.0,7.0
4716,1132659.0,7.0
4717,1164183.0,8.0
4718,1158225.0,10.0
4719,1132622.0,9.0
4720,1149906.0,10.0
4721,1154582.0,9.0
4722,1154899.0,10.0
4723,1156616.0,8.0
4724,1012953.0,5.0
4725,1079463.0,6.0
4726,1167206.0,9.0
4727,1164169.0,6.0
4728,1107987.0,7.0
4729,1074721.0,10.0
4730,1105615.0,7.0
4731,1132573.0,5.0
4732,1145706.0,7.0
4733,1145742.0,8.0
4734,1149784.0,9.0
4735,1154448.0,10.0
4736,1158051.0,5.0
4737,1015421.0,7.0
4738,182624.0,6.0
4739,1087955.0,7.0
4740,1149367.0,9.0
4741,1154921.0,5.0
4742,1111495.0,8.0
4743,1152357.0,6.0
4744,1110303.0,10.0
4745,1126246.0,7.0
4746,1149785.0,8.0
4747,1162251.0,7.0
4748,1163934.0,10.0
4749,1165483.0,7.0
4750,1152850.0,9.0
4751,1090403.0,9.0
4752,1158042.0,7.0
4753,112510.0,10.0
4754,1154496.0,10.0
4755,152520.0,6.0
4756,1021754.0,5.0
4757,1145422.0,10.0
4758,1157515.0,9.0
4759,1164170.0,7.0
4760,1165525.0,6.0
4761,1161693.0,6.0
4762,1105248.0,9.0
4763,1162212.0,10.0
4764,1084213.0,5.0
4765,1087603.0,9.0
4766,1089759.0,5.0
4767,1149168.0,10.0
4768,1149241.0,10.0
4769,1161113.0,9.0
4770,1161939.0,5.0
4771,1162197.0,8.0
4772,1162339.0,10.0
4773,1164005.0,9.0
4774,1164722.0,6.0
4775,1072943.0,5.0
4776,1162590.0,5.0
4777,1084485.0,5.0
4778,1098105.0,8.0
4779,1149762.0,9.0
4780,1021557.0,7.0
4781,1057959.0,9.0
4782,1149150.0,9.0
4783,1149466.0,6.0
4784,1161648.0,5.0
4785,1162257.0,7.0
4786,1165473.0,8.0
4787,1153480.0,5.0
4788,1161954.0,6.0
4789,1163971.0,7.0
4790,1145630.0,9.0
4791,1148544.0,10.0
4792,1153294.0,5.0
4793,1156854.0,5.0
4794,1157514.0,7.0
4795,1157964.0,6.0
4796,1164772.0,7.0
4797,1034650.0,6.0
4798,1154449.0,10.0
4799,1083318.0,5.0
4800,1105144.0,7.0
4801,1153344.0,5.0
4802,1011037.0,7.0
4803,1162219.0,7.0
4804,1165586.0,6.0
4805,152429.0,8.0
4806,1103266.0,9.0
4807,1164094.0,7.0
4808,1162714.0,7.0
4809,1138915.0,9.0
4810,1149148.0,5.0
4811,1013898.0,7.0
4812,1029559.0,8.0
4813,1035906.0,9.0
4814,1065192.0,9.0
4815,1161151.0,8.0
4816,1162421.0,9.0
4817,1052785.0,8.0
4818,1161100.0,8.0
4819,1163921.0,7.0
4820,1021335.0,7.0
4821,1056760.0,6.0
4822,1164133.0,7.0
4823,1162607.0,5.0
4824,1081131.0,6.0
4825,1053191.0,6.0
4826,1106518.0,8.0
4827,1011578.0,9.0
4828,1166162.0,7.0
4829,122141.0,9.0
4830,1010958.0,7.0
4831,1114185.0,6.0
4832,1163945.0,6.0
4833,180757.0,7.0
4834,1126159.0,9.0
4835,1162018.0,7.0
4836,1162646.0,7.0
4837,1164130.0,10.0
4838,1167074.0,10.0
4839,116851.0,5.0
4840,1052786.0,8.0
4841,1110498.0,10.0
4842,1118873.0,6.0
4843,1158043.0,5.0
4844,1161080.0,9.0
4845,1152603.0,7.0
4846,1105290.0,7.0
4847,1156825.0,9.0
4848,180899.0,7.0
4849,1013899.0,8.0
4850,1107991.0,5.0
4851,1126406.0,8.0
4852,1148985.0,6.0
4853,1163596.0,8.0
4854,1100312.0,7.0
4855,1086455.0,6.0
4856,1132744.0,6.0
4857,1145763.0,8.0
4858,1159797.0,7.0
4859,1162429.0,10.0
4860,111924.0,10.0
4861,158943.0,7.0
4862,1012931.0,6.0
4863,1054262.0,9.0
4864,1094304.0,10.0
4865,1126297.0,10.0
4866,1149209.0,6.0
4867,1164753.0,10.0
4868,1167014.0,9.0
4869,1065017.0,6.0
4870,1083990.0,7.0
4871,113309.0,6.0
4872,1162663.0,5.0
4873,1072945.0,9.0
4874,1116192.0,6.0
4875,1153296.0,7.0
4876,1138879.0,5.0
4877,1011537.0,6.0
4878,1089267.0,5.0
4879,1150390.0,8.0
4880,116584.0,10.0
4881,1078320.0,10.0
4882,1098031.0,8.0
4883,1156818.0,9.0
4884,1161523.0,7.0
4885,1161997.0,7.0
4886,1162721.0,6.0
4887,102632.0,5.0
4888,1138945.0,5.0
4889,1167012.0,10.0
4890,1105278.0,10.0
4891,1161077.0,7.0
4892,1132563.0,8.0
4893,1161654.0,9.0
4894,1163900.0,8.0
4895,1126328.0,8.0
4896,1153109.0,7.0
4897,1145485.0,10.0
4898,1149158.0,10.0
4899,1149196.0,9.0
4900,1166070.0,7.0
4901,1166352.0,5.0
4902,1084632.0,8.0
4903,1097897.0,6.0
4904,1164037.0,5.0
4905,116297.0,6.0
4906,1083239.0,8.0
4907,1029640.0,8.0
4908,100884.0,10.0
4909,1153887.0,7.0
4910,1097821.0,6.0
4911,1107511.0,5.0
4912,1108012.0,8.0
4913,1156804.0,6.0
4914,1157993.0,5.0
4915,1158029.0,9.0
4916,1124514.0,6.0
4917,1157949.0,5.0
4918,1013346.0,9.0
4919,1163993.0,9.0
4920,1164063.0,10.0
4921,1145631.0,8.0
4922,1149768.0,9.0
4923,1157962.0,7.0
4924,1161520.0,5.0
4925,1165754.0,6.0
4926,1116191.0,10.0
4927,1164093.0,6.0
4928,1161970.0,8.0
4929,1149152.0,9.0
4930,1022911.0,7.0
4931,1099592.0,9.0
4932,1165544.0,8.0
4933,1150107.0,8.0
4934,1013481.0,8.0
4935,1021480.0,8.0
4936,1166169.0,10.0
4937,1097934.0,6.0
4938,1156883.0,6.0
4939,1161991.0,7.0
4940,102075.0,4.0
4941,1023561.0,5.0
4942,1164052.0,3.0
4943,108261.0,5.0
4944,1013118.0,5.0
4945,1029532.0,3.0
4946,1097886.0,5.0
4947,1086968.0,6.0
4948,1116618.0,5.0
4949,1162712.0,4.0
4950,1111789.0,5.0
4951,1013854.0,6.0
4952,1077781.0,5.0
4953,158939.0,3.0
4954,1153282.0,6.0
4955,1014006.0,3.0
4956,1014097.0,5.0
4957,1023245.0,6.0
4958,1145693.0,4.0
4959,1157521.0,6.0
4960,1145639.0,4.0
4961,1162594.0,3.0
4962,179757.0,5.0
4963,1098080.0,3.0
4964,1164724.0,5.0
4965,1166305.0,6.0
4966,1164765.0,5.0
4967,1138901.0,4.0
4968,1149755.0,3.0
4969,1045118.0,6.0
4970,1125698.0,4.0
4971,1126301.0,6.0
4972,1097811.0,3.0
4973,1044591.0,4.0
4974,1094497.0,5.0
4975,1107019.0,5.0
4976,1149462.0,3.0
4977,1011652.0,6.0
4978,1125636.0,4.0
4979,1089182.0,4.0
4980,1162261.0,6.0
4981,1021806.0,3.0
4982,1021807.0,5.0
4983,1074767.0,6.0
4984,1086218.0,3.0
4985,1087934.0,6.0
4986,1138941.0,4.0
4987,1145601.0,5.0
4988,1145721.0,4.0
4989,1145772.0,3.0
4990,1149245.0,5.0
4991,1149365.0,4.0
4992,1012993.0,6.0
4993,1013992.0,3.0
4994,1132705.0,6.0
4995,1145605.0,6.0
4996,1094491.0,6.0
4997,108286.0,6.0
4998,108981.0,4.0
4999,1097706.0,3.0
5000,1101958.0,3.0
5001,1156011.0,3.0
5002,1166058.0,5.0
5003,1011159.0,3.0
5004,102978.0,5.0
5005,1097790.0,5.0
5006,1125419.0,4.0
5007,1020357.0,6.0
5008,1076439.0,4.0
5009,1097942.0,4.0
5010,1122886.0,6.0
5011,1145496.0,6.0
5012,1154841.0,4.0
5013,1156777.0,5.0
5014,1166152.0,5.0
5015,1145710.0,4.0
5016,1161094.0,4.0
5017,1013932.0,4.0
5018,1014790.0,3.0
5019,1126099.0,6.0
5020,1079292.0,3.0
5021,1079302.0,3.0
5022,1124535.0,4.0
5023,1156791.0,6.0
5024,1013863.0,3.0
5025,1024043.0,5.0
5026,1059832.0,5.0
5027,1086511.0,4.0
5028,1089842.0,6.0
5029,1150103.0,4.0
5030,1152380.0,6.0
5031,1153356.0,3.0
5032,1153873.0,6.0
5033,1154500.0,4.0
5034,1162386.0,6.0
5035,1164767.0,5.0
5036,202572.0,4.0
5037,1045125.0,4.0
5038,1086264.0,5.0
5039,1132500.0,5.0
5040,1138900.0,4.0
5041,1111504.0,3.0
5042,1013387.0,3.0
5043,1107723.0,4.0
5044,1148565.0,5.0
5045,1166082.0,6.0
5046,1159809.0,6.0
5047,1054660.0,4.0
5048,1158005.0,3.0
5049,1161986.0,5.0
5050,1132688.0,6.0
5051,1150108.0,6.0
5052,1153623.0,4.0
5053,109658.0,6.0
5054,112541.0,5.0
5055,180881.0,5.0
5056,1013216.0,5.0
5057,1156826.0,4.0
5058,1105817.0,5.0
5059,1152355.0,5.0
5060,1156952.0,4.0
5061,1153863.0,3.0
5062,1013502.0,5.0
5063,1126341.0,6.0
5064,1013329.0,6.0
5065,1025646.0,5.0
5066,1158038.0,6.0
5067,1160750.0,4.0
5068,1164100.0,3.0
5069,1166225.0,4.0
5070,1167073.0,5.0
5071,1014160.0,6.0
5072,1153375.0,3.0
5073,1153466.0,5.0
5074,1023612.0,6.0
5075,1138888.0,3.0
5076,1165981.0,4.0
5077,1122881.0,6.0
5078,1157970.0,6.0
5079,1101706.0,4.0
5080,1153288.0,3.0
5081,1156910.0,3.0
5082,1014928.0,3.0
5083,1033212.0,4.0
5084,1068414.0,6.0
5085,1105286.0,5.0
5086,1123058.0,6.0
5087,1159720.0,6.0
5088,1166410.0,6.0
5089,112331.0,3.0
5090,180085.0,5.0
5091,1082760.0,5.0
5092,1164103.0,5.0
5093,1164763.0,4.0
5094,1091695.0,6.0
5095,1021450.0,3.0
5096,1030342.0,5.0
5097,1037425.0,5.0
5098,1156894.0,4.0
5099,1163997.0,5.0
5100,1166270.0,5.0
5101,1140387.0,4.0
5102,1124693.0,4.0
5103,1111956.0,6.0
5104,1145711.0,6.0
5105,1164175.0,5.0
5106,1167094.0,6.0
5107,111937.0,5.0
5108,1153619.0,3.0
5109,102063.0,3.0
5110,1013274.0,3.0
5111,1053194.0,4.0
5112,1149756.0,6.0
5113,1156583.0,6.0
5114,1145436.0,6.0
5115,1162373.0,4.0
5116,1158070.0,3.0
5117,1125653.0,5.0
5118,1023695.0,3.0
5119,1013713.0,6.0
5120,1123066.0,4.0
5121,1158096.0,6.0
5122,1166383.0,4.0
5123,1132641.0,5.0
5124,1111809.0,3.0
5125,1157522.0,5.0
5126,1149635.0,5.0
5127,179931.0,3.0
5128,1124591.0,6.0
5129,1148520.0,5.0
5130,1156848.0,6.0
5131,1162407.0,3.0
5132,1166230.0,6.0
5133,1164754.0,6.0
5134,1161544.0,5.0
5135,1026500.0,4.0
5136,1073271.0,3.0
5137,1149292.0,6.0
5138,1161540.0,4.0
5139,1023029.0,3.0
5140,1122134.0,4.0
5141,1158101.0,3.0
5142,1153892.0,5.0
5143,1164139.0,6.0
5144,1164752.0,5.0
5145,1105270.0,3.0
5146,1153111.0,4.0
5147,1079299.0,6.0
5148,1152845.0,4.0
5149,1157538.0,5.0
5150,1161516.0,5.0
5151,1078411.0,4.0
5152,1161711.0,3.0
5153,1089736.0,4.0
5154,1020026.0,6.0
5155,1156838.0,3.0
5156,1105530.0,6.0
5157,1013077.0,5.0
5158,180120.0,4.0
5159,1115760.0,5.0
5160,1116982.0,5.0
5161,1126090.0,6.0
5162,1156922.0,5.0
5163,1157573.0,5.0
5164,1161131.0,3.0
5165,1086064.0,6.0
5166,1037426.0,5.0
5167,1090266.0,4.0
5168,1145384.0,3.0
5169,1166390.0,3.0
5170,1027257.0,5.0
5171,1078696.0,4.0
5172,1145497.0,6.0
5173,1013419.0,5.0
5174,1029394.0,6.0
5175,1097718.0,6.0
5176,1057452.0,5.0
5177,1099010.0,3.0
5178,1145468.0,6.0
5179,1156903.0,6.0
5180,1162410.0,4.0
5181,1149778.0,3.0
5182,1149907.0,5.0
5183,1150106.0,3.0
5184,1166132.0,6.0
5185,1101552.0,4.0
5186,1123059.0,6.0
5187,1154799.0,4.0
5188,1158229.0,4.0
5189,1166189.0,3.0
5190,152332.0,6.0
5191,1150423.0,5.0
5192,1154850.0,3.0
5193,1162203.0,3.0
5194,1097935.0,6.0
5195,1111046.0,5.0
5196,1149910.0,5.0
5197,1162340.0,5.0
5198,1166263.0,4.0
5199,1126405.0,6.0
5200,1021712.0,4.0
5201,1164191.0,3.0
5202,1013262.0,6.0
5203,1034046.0,4.0
5204,1094639.0,5.0
5205,1097693.0,6.0
5206,1145528.0,3.0
5207,1154559.0,5.0
5208,1158052.0,6.0
5209,1167076.0,6.0
5210,1088737.0,3.0
5211,1125650.0,6.0
5212,1149780.0,3.0
5213,1152386.0,3.0
5214,1107732.0,4.0
5215,1125475.0,6.0
5216,1157973.0,3.0
5217,1158227.0,3.0
5218,1161707.0,6.0
5219,1014175.0,3.0
5220,1164759.0,3.0
5221,1105807.0,4.0
5222,1108730.0,3.0
5223,1153156.0,4.0
5224,1164032.0,4.0
5225,1013791.0,6.0
5226,1025826.0,3.0
5227,1014978.0,4.0
5228,1152808.0,3.0
5229,1011039.0,6.0
5230,1166962.0,5.0
5231,1154458.0,5.0
5232,223273.0,3.0
5233,1088962.0,6.0
5234,1097736.0,3.0
5235,1152811.0,6.0
5236,1154898.0,3.0
5237,1158019.0,6.0
5238,1161945.0,5.0
5239,1013412.0,5.0
5240,1149782.0,3.0
5241,184752.0,4.0
5242,1156820.0,3.0
5243,1013539.0,6.0
5244,1138908.0,3.0
5245,1145738.0,5.0
5246,1068372.0,4.0
5247,1106357.0,5.0
5248,1107713.0,4.0
5249,1013389.0,6.0
5250,1124601.0,4.0
5251,1037136.0,5.0
5252,1097950.0,5.0
5253,1103828.0,5.0
5254,102441.0,4.0
5255,1162376.0,4.0
5256,1020273.0,3.0
5257,1101880.0,4.0
5258,1154855.0,3.0
5259,1162366.0,5.0
5260,1107707.0,3.0
5261,1162705.0,3.0
5262,1164088.0,3.0
5263,123422.0,3.0
5264,1068382.0,3.0
5265,1145608.0,4.0
5266,1021668.0,4.0
5267,1158254.0,4.0
5268,1033363.0,6.0
5269,1149255.0,5.0
5270,1149971.0,4.0
5271,1165882.0,6.0
5272,1132655.0,5.0
5273,1140334.0,3.0
5274,1014146.0,3.0
5275,1153290.0,3.0
5276,1162713.0,3.0
5277,1132697.0,3.0
5278,1011535.0,5.0
5279,1083230.0,4.0
5280,1107735.0,4.0
5281,1145202.0,5.0
5282,1149240.0,6.0
5283,1097711.0,4.0
5284,212148.0,3.0
5285,1014058.0,4.0
5286,1015205.0,3.0
5287,1125468.0,6.0
5288,1158105.0,4.0
5289,1149234.0,6.0
5290,1116984.0,3.0
5291,1045090.0,5.0
5292,1123057.0,4.0
5293,1126822.0,3.0
5294,1139433.0,6.0
5295,1145675.0,5.0
5296,1156019.0,5.0
5297,1145457.0,3.0
5298,1162206.0,3.0
5299,1052824.0,3.0
5300,1106824.0,3.0
5301,1123114.0,4.0
5302,1125432.0,5.0
5303,1162201.0,5.0
5304,1100064.0,4.0
5305,1106822.0,4.0
5306,1013059.0,4.0
5307,1016958.0,3.0
5308,1067857.0,3.0
5309,1083312.0,4.0
5310,1105296.0,4.0
5311,1125495.0,4.0
5312,1138944.0,3.0
5313,1166140.0,6.0
5314,1166837.0,6.0
5315,180852.0,5.0
5316,1014895.0,4.0
5317,1030617.0,5.0
5318,1048686.0,6.0
5319,1065176.0,4.0
5320,1083122.0,4.0
5321,179891.0,3.0
5322,1089488.0,5.0
5323,1021332.0,5.0
5324,1081904.0,5.0
5325,1124271.0,4.0
5326,1142842.0,3.0
5327,1166577.0,4.0
5328,1094124.0,4.0
5329,1101977.0,6.0
5330,1125633.0,3.0
5331,1145404.0,3.0
5332,1163947.0,4.0
5333,1153875.0,4.0
5334,1107767.0,3.0
5335,1161527.0,3.0
5336,1023681.0,5.0
5337,1028542.0,3.0
5338,1078756.0,5.0
5339,1125678.0,4.0
5340,1145414.0,3.0
5341,1145499.0,5.0
5342,1158058.0,6.0
5343,1161195.0,4.0
5344,1164173.0,5.0
5345,1098066.0,4.0
5346,1114196.0,4.0
5347,1153471.0,5.0
5348,1132649.0,5.0
5349,1126391.0,4.0
5350,1153463.0,4.0
5351,1164480.0,5.0
5352,101632.0,5.0
5353,1041576.0,4.0
5354,1098987.0,3.0
5355,1100265.0,4.0
5356,1103827.0,3.0
5357,1149170.0,4.0
5358,1156836.0,5.0
5359,1158023.0,3.0
5360,1166175.0,6.0
5361,1167009.0,4.0
5362,1108704.0,5.0
5363,1059809.0,5.0
5364,1065107.0,6.0
5365,1132532.0,5.0
5366,1084708.0,4.0
5367,1153601.0,6.0
5368,180195.0,3.0
5369,1163801.0,3.0
5370,1153611.0,5.0
5371,1161995.0,3.0
5372,1021540.0,4.0
5373,1153621.0,5.0
5374,110833.0,4.0
5375,1023508.0,5.0
5376,1086528.0,4.0
5377,1119361.0,4.0
5378,1145727.0,4.0
5379,1149147.0,3.0
5380,106833.0,5.0
5381,1013674.0,4.0
5382,1097617.0,6.0
5383,1097620.0,3.0
5384,1011603.0,5.0
5385,1165742.0,3.0
5386,1082601.0,6.0
5387,1149948.0,6.0
5388,1160945.0,5.0
5389,1156845.0,3.0
5390,1125449.0,4.0
5391,116711.0,5.0
5392,1024821.0,4.0
5393,1145596.0,4.0
5394,1163913.0,4.0
5395,1162214.0,4.0
5396,1145758.0,5.0
5397,1154886.0,4.0
5398,1105521.0,4.0
5399,1060722.0,4.0
5400,1156841.0,6.0
5401,1082594.0,3.0
5402,1087962.0,4.0
5403,1013851.0,3.0
5404,1125427.0,3.0
5405,1161706.0,5.0
5406,116304.0,3.0
5407,1088554.0,6.0
5408,1097944.0,4.0
5409,1124681.0,3.0
5410,1162356.0,3.0
5411,1014138.0,5.0
5412,1157543.0,5.0
5413,1161726.0,5.0
5414,1166012.0,6.0
5415,1097832.0,4.0
5416,1164762.0,5.0
5417,1083136.0,4.0
5418,1145529.0,5.0
5419,1023598.0,5.0
5420,1162253.0,3.0
5421,113314.0,5.0
5422,1043064.0,5.0
5423,1150614.0,5.0
5424,1123048.0,3.0
5425,1097438.0,3.0
5426,1145409.0,4.0
5427,1027234.0,5.0
5428,1161082.0,4.0
5429,103010.0,4.0
5430,1154901.0,6.0
5431,1158237.0,4.0
5432,1153613.0,5.0
5433,1163929.0,4.0
5434,1014070.0,6.0
5435,1097829.0,4.0
5436,1119514.0,5.0
5437,1125479.0,5.0
5438,1149933.0,6.0
5439,1161959.0,3.0
5440,1164199.0,5.0
5441,1116629.0,5.0
5442,1162635.0,4.0
5443,1156887.0,4.0
5444,1158031.0,6.0
5445,1158251.0,4.0
5446,1162200.0,4.0
5447,1125458.0,5.0
5448,1026996.0,4.0
5449,1068088.0,4.0
5450,1089259.0,5.0
5451,1153880.0,6.0
5452,1163955.0,5.0
5453,1038139.0,4.0
5454,1162362.0,4.0
5455,1036295.0,4.0
5456,1132493.0,6.0
5457,1148557.0,4.0
5458,1014888.0,5.0
5459,1145483.0,3.0
5460,1161661.0,4.0
5461,1013305.0,3.0
5462,1097679.0,6.0
5463,1101432.0,3.0
5464,1125410.0,6.0
5465,1126167.0,3.0
5466,1145765.0,6.0
5467,1149130.0,3.0
5468,1156806.0,3.0
5469,1162690.0,4.0
5470,1053340.0,6.0
5471,1157990.0,6.0
5472,1013952.0,5.0
5473,1060754.0,4.0
5474,1013436.0,3.0
5475,1097796.0,4.0
5476,1126423.0,5.0
5477,1149470.0,5.0
5478,1153608.0,5.0
5479,1160544.0,5.0
5480,1036253.0,4.0
5481,1110520.0,6.0
5482,1149166.0,4.0
5483,1097960.0,3.0
5484,1124536.0,5.0
5485,1164502.0,6.0
5486,1166203.0,5.0
5487,1068426.0,5.0
5488,1097694.0,4.0
5489,1107734.0,4.0
5490,1157580.0,4.0
5491,1089199.0,4.0
5492,1159719.0,5.0
5493,1110443.0,3.0
5494,1126098.0,6.0
5495,1152384.0,6.0
5496,1152823.0,6.0
5497,1153118.0,4.0
5498,1164058.0,4.0
5499,1165980.0,4.0
5500,1164740.0,5.0
5501,1149774.0,5.0
5502,1162726.0,4.0
5503,151191.0,3.0
5504,182675.0,4.0
5505,1100035.0,3.0
5506,1145429.0,5.0
5507,1157129.0,4.0
5508,1157542.0,5.0
5509,1162399.0,3.0
5510,1166353.0,4.0
5511,1163975.0,5.0
5512,1097807.0,4.0
5513,1149908.0,3.0
5514,1162420.0,5.0
5515,1165977.0,4.0
5516,102205.0,6.0
5517,1126454.0,6.0
5518,1145355.0,5.0
5519,1149748.0,5.0
5520,1152379.0,4.0
5521,1163984.0,6.0
5522,1166258.0,3.0
5523,116645.0,5.0
5524,1045225.0,4.0
5525,1153896.0,6.0
5526,1156849.0,6.0
5527,1094513.0,5.0
5528,1060704.0,4.0
5529,1099005.0,4.0
5530,1123658.0,6.0
5531,179952.0,6.0
5532,1118850.0,5.0
5533,1149975.0,6.0
5534,1153890.0,6.0
5535,1029530.0,3.0
5536,1152600.0,6.0
5537,1154793.0,5.0
5538,1164121.0,5.0
5539,1158234.0,4.0
5540,1156937.0,4.0
5541,1013714.0,6.0
5542,1015199.0,4.0
5543,1054754.0,3.0
5544,1086442.0,4.0
5545,1124620.0,6.0
5546,1145699.0,6.0
5547,1148445.0,3.0
5548,1125237.0,4.0
5549,1162193.0,4.0
5550,179985.0,5.0
5551,1013145.0,6.0
5552,1158230.0,5.0
5553,1163607.0,3.0
5554,1165746.0,4.0
5555,1078953.0,4.0
5556,1145718.0,6.0
5557,1125422.0,3.0
5558,1157545.0,4.0
5559,1065288.0,3.0
5560,116755.0,3.0
5561,1083006.0,3.0
5562,1161107.0,4.0
5563,1164471.0,6.0
5564,1084714.0,5.0
5565,1086776.0,5.0
5566,1125450.0,6.0
5567,1163990.0,3.0
5568,1164757.0,5.0
5569,1166148.0,3.0
5570,223264.0,3.0
5571,1153285.0,4.0
5572,1158241.0,6.0
5573,1164057.0,4.0
5574,1013417.0,4.0
5575,1094071.0,4.0
5576,1013279.0,4.0
5577,1013721.0,5.0
5578,1033772.0,6.0
5579,1145433.0,5.0
5580,1145576.0,5.0
5581,1163797.0,5.0
5582,1138425.0,4.0
5583,158680.0,6.0
5584,180851.0,4.0
5585,1033360.0,5.0
5586,1145579.0,6.0
5587,1149192.0,3.0
5588,1153266.0,5.0
5589,1159711.0,3.0
5590,1045055.0,3.0
5591,1113418.0,4.0
5592,1145761.0,4.0
5593,1164076.0,3.0
5594,1097788.0,4.0
5595,1099008.0,4.0
5596,1149177.0,3.0
5597,1156635.0,6.0
5598,1156636.0,6.0
5599,223290.0,3.0
5600,1149314.0,4.0
5601,1125483.0,6.0
5602,1125647.0,4.0
5603,1149155.0,3.0
5604,1156913.0,5.0
5605,1132551.0,5.0
5606,1081792.0,5.0
5607,1166233.0,6.0
5608,1020708.0,3.0
5609,1101887.0,4.0
5610,1108008.0,4.0
5611,1126022.0,5.0
5612,1044277.0,5.0
5613,1153082.0,6.0
5614,1156886.0,3.0
5615,1158071.0,6.0
5616,112318.0,3.0
5617,1125435.0,3.0
5618,1149949.0,3.0
5619,1125440.0,4.0
5620,1156904.0,4.0
5621,156840.0,5.0
5622,1126480.0,5.0
5623,1086412.0,6.0
5624,1107503.0,3.0
5625,1145676.0,3.0
5626,1029396.0,5.0
5627,1089707.0,5.0
5628,1145694.0,3.0
5629,1167048.0,6.0
5630,1164025.0,3.0
5631,1125736.0,6.0
5632,1015206.0,5.0
5633,1161101.0,3.0
5634,1125675.0,3.0
5635,1108700.0,4.0
5636,1014134.0,4.0
5637,212182.0,5.0
5638,1097615.0,3.0
5639,1052801.0,3.0
5640,1097757.0,6.0
5641,1118526.0,3.0
5642,1156010.0,3.0
5643,106457.0,5.0
5644,202507.0,3.0
5645,1013895.0,4.0
5646,1153090.0,4.0
5647,1158226.0,6.0
5648,112312.0,3.0
5649,1149751.0,3.0
5650,1163932.0,6.0
5651,1156905.0,3.0
5652,1094518.0,4.0
5653,1097842.0,3.0
5654,112033.0,6.0
5655,1101949.0,5.0
5656,1124699.0,4.0
5657,1164189.0,6.0
5658,1045223.0,5.0
5659,1108676.0,4.0
5660,1124678.0,3.0
5661,1145243.0,6.0
5662,1145417.0,6.0
5663,1154451.0,3.0
5664,1086110.0,5.0
5665,1088744.0,3.0
5666,1154628.0,6.0
5667,1150397.0,3.0
5668,1021554.0,3.0
5669,1097993.0,4.0
5670,1125491.0,5.0
5671,1043678.0,6.0
5672,1099023.0,3.0
5673,1149107.0,6.0
5674,1097704.0,5.0
5675,1101563.0,3.0
5676,116735.0,5.0
5677,1023552.0,4.0
5678,1026815.0,3.0
5679,1028554.0,3.0
5680,1097957.0,6.0
5681,1101703.0,5.0
5682,1125493.0,4.0
5683,1126237.0,3.0
5684,1085331.0,4.0
5685,1089887.0,6.0
5686,1148554.0,3.0
5687,1161072.0,6.0
5688,1156800.0,3.0
5689,1088884.0,5.0
5690,1090960.0,5.0
5691,1108231.0,5.0
5692,1116418.0,5.0
5693,1158034.0,4.0
5694,1086097.0,6.0
5695,1097701.0,6.0
5696,1163927.0,3.0
5697,1089268.0,3.0
5698,1162006.0,4.0
5699,1162379.0,3.0
5700,1163959.0,6.0
5701,1125445.0,3.0
5702,101725.0,3.0
5703,1166048.0,4.0
5704,1166491.0,3.0
5705,202400.0,6.0
5706,1097904.0,3.0
5707,1145646.0,5.0
5708,1148539.0,3.0
5709,1163992.0,5.0
5710,1033862.0,4.0
5711,1022849.0,5.0
5712,1097973.0,6.0
5713,1162598.0,5.0
5714,1162644.0,5.0
5715,1037275.0,5.0
5716,1098034.0,3.0
5717,1145482.0,3.0
5718,1163948.0,6.0
5719,1164111.0,4.0
5720,1076527.0,5.0
5721,1092927.0,5.0
5722,1162010.0,5.0
5723,1166013.0,3.0
5724,1012228.0,4.0
5725,1157386.0,5.0
5726,1166966.0,6.0
5727,109178.0,4.0
5728,1020831.0,5.0
5729,1027203.0,5.0
5730,1060757.0,6.0
5731,1089969.0,6.0
5732,1108914.0,3.0
5733,1145714.0,5.0
5734,1145743.0,6.0
5735,1160753.0,5.0
5736,1162256.0,4.0
5737,1164132.0,6.0
5738,1153605.0,5.0
5739,1058865.0,5.0
5740,1116423.0,5.0
5741,1137987.0,3.0
5742,1148991.0,6.0
5743,1166198.0,3.0
5744,122397.0,4.0
5745,1149174.0,5.0
5746,1156819.0,4.0
5747,1012932.0,3.0
5748,1164192.0,4.0
5749,1145446.0,4.0
5750,1159723.0,4.0
5751,1033273.0,5.0
5752,1114725.0,3.0
5753,1157957.0,5.0
5754,1081072.0,3.0
5755,1165743.0,3.0
5756,109674.0,5.0
5757,1145726.0,4.0
5758,1033703.0,6.0
5759,1154551.0,6.0
5760,1166256.0,3.0
5761,109436.0,5.0
5762,1076216.0,4.0
5763,1085997.0,4.0
5764,1149260.0,3.0
5765,1154884.0,6.0
5766,109343.0,5.0
5767,1125478.0,4.0
5768,1165457.0,4.0
5769,1060703.0,4.0
5770,1140328.0,3.0
5771,1153625.0,4.0
5772,1164476.0,6.0
5773,1033650.0,5.0
5774,1116582.0,5.0
5775,1157953.0,3.0
5776,1101966.0,5.0
5777,1104816.0,6.0
5778,1157533.0,3.0
5779,1157544.0,5.0
5780,1158011.0,3.0
5781,1079332.0,3.0
5782,1163759.0,5.0
5783,1166323.0,3.0
5784,1145685.0,5.0
5785,1156953.0,5.0
5786,112832.0,6.0
5787,1152381.0,6.0
5788,1045067.0,5.0
5789,1063812.0,6.0
5790,1097828.0,4.0
5791,1124531.0,6.0
5792,1125473.0,5.0
5793,1161940.0,5.0
5794,1030832.0,4.0
5795,1097887.0,3.0
5796,1145637.0,6.0
5797,1149238.0,5.0
5798,1016367.0,6.0
5799,1160476.0,5.0
5800,1165985.0,6.0
5801,1145386.0,5.0
5802,1157380.0,5.0
5803,1158102.0,3.0
5804,1166309.0,4.0
5805,1089184.0,5.0
5806,1164178.0,5.0
5807,1020726.0,6.0
5808,1107996.0,6.0
5809,1125477.0,3.0
5810,1158064.0,3.0
5811,1158235.0,4.0
5812,1162348.0,4.0
5813,1162622.0,3.0
5814,1164774.0,3.0
5815,1102166.0,6.0
5816,1097609.0,4.0
5817,1145578.0,3.0
5818,1166018.0,3.0
5819,1153324.0,3.0
5820,1073344.0,3.0
5821,1150105.0,5.0
5822,1148507.0,5.0
5823,1166425.0,5.0
5824,1072941.0,6.0
5825,1152820.0,4.0
5826,1036254.0,6.0
5827,1088947.0,4.0
5828,1149932.0,4.0
5829,1161115.0,4.0
5830,1156890.0,4.0
5831,1157374.0,5.0
5832,1157943.0,6.0
5833,1164760.0,5.0
5834,1101882.0,4.0
5835,1065178.0,5.0
5836,1145209.0,5.0
5837,1026525.0,3.0
5838,1145577.0,6.0
5839,1145746.0,5.0
5840,1154780.0,3.0
5841,1165538.0,3.0
5842,1166933.0,3.0
5843,1149937.0,4.0
5844,1145432.0,5.0
5845,1152842.0,6.0
5846,1153135.0,3.0
5847,1164747.0,4.0
5848,102507.0,5.0
5849,1108723.0,5.0
5850,1157974.0,6.0
5851,1158008.0,6.0
5852,1013878.0,3.0
5853,1153110.0,5.0
5854,1013224.0,6.0
5855,1097910.0,5.0
5856,1164182.0,5.0
5857,1093578.0,3.0
5858,1098028.0,5.0
5859,1125433.0,5.0
5860,1080798.0,5.0
5861,1157584.0,5.0
5862,1013344.0,4.0
5863,1014127.0,6.0
5864,1059742.0,5.0
5865,1157971.0,4.0
5866,1158232.0,4.0
5867,1158247.0,3.0
5868,1054622.0,3.0
5869,1125763.0,5.0
5870,1145581.0,3.0
5871,1156012.0,3.0
5872,1164630.0,5.0
5873,1166111.0,5.0
5874,1156891.0,5.0
5875,1079273.0,5.0
5876,1132515.0,5.0
5877,1145534.0,4.0
5878,1162657.0,3.0
5879,1014147.0,6.0
5880,1079458.0,5.0
5881,1080554.0,5.0
5882,1098064.0,3.0
5883,1098308.0,3.0
5884,1101967.0,6.0
5885,1148518.0,3.0
5886,1154491.0,5.0
5887,1156638.0,5.0
5888,1159724.0,3.0
5889,1161941.0,4.0
5890,112526.0,6.0
5891,1164198.0,4.0
5892,1060712.0,5.0
5893,1153280.0,5.0
5894,1154590.0,4.0
5895,1166020.0,3.0
5896,1030028.0,3.0
5897,1097600.0,4.0
5898,1105555.0,4.0
5899,1153137.0,5.0
5900,1154913.0,5.0
5901,1166329.0,4.0
5902,179877.0,6.0
5903,1125777.0,4.0
5904,1132596.0,4.0
5905,1156594.0,6.0
5906,1162290.0,5.0
5907,1166234.0,3.0
5908,1060888.0,4.0
5909,1012958.0,5.0
5910,1107508.0,5.0
5911,1167055.0,3.0
5912,1164744.0,5.0
5913,1033723.0,4.0
5914,1123104.0,5.0
5915,1125443.0,6.0
5916,1149918.0,6.0
5917,1157968.0,4.0
5918,1165748.0,3.0
5919,1154404.0,5.0
5920,1013380.0,5.0
5921,1027924.0,4.0
5922,1162583.0,3.0
5923,182662.0,5.0
5924,1125672.0,6.0
5925,1126286.0,3.0
5926,1150386.0,6.0
5927,1156770.0,3.0
5928,1161649.0,4.0
5929,1163954.0,6.0
5930,1166307.0,6.0
5931,182634.0,4.0
5932,1034215.0,6.0
5933,1037229.0,6.0
5934,1073249.0,6.0
5935,1080293.0,6.0
5936,1093863.0,6.0
5937,1149633.0,4.0
5938,151244.0,3.0
5939,1045152.0,6.0
5940,1149129.0,3.0
5941,1156604.0,3.0
5942,1161700.0,3.0
5943,1145597.0,3.0
5944,1145645.0,3.0
5945,1086495.0,4.0
5946,1089183.0,6.0
5947,1161531.0,3.0
5948,1164001.0,5.0
5949,1154627.0,5.0
5950,1108015.0,3.0
5951,1161651.0,3.0
5952,116737.0,3.0
5953,1164120.0,5.0
5954,1150679.0,3.0
5955,1038148.0,4.0
5956,1082994.0,3.0
5957,1097774.0,4.0
5958,1154881.0,6.0
5959,151450.0,5.0
5960,1013401.0,6.0
5961,1153120.0,5.0
5962,1021510.0,3.0
5963,1166267.0,6.0
5964,100268.0,6.0
5965,1157381.0,5.0
5966,1162351.0,6.0
5967,1011155.0,5.0
5968,1150394.0,5.0
5969,1162012.0,6.0
5970,1097962.0,3.0
5971,1107714.0,5.0
5972,1145201.0,6.0
5973,1161676.0,4.0
5974,1054626.0,4.0
5975,1059823.0,5.0
5976,1149786.0,4.0
5977,1059772.0,4.0
5978,1145442.0,3.0
5979,1145747.0,3.0
5980,1149146.0,5.0
5981,1161951.0,5.0
5982,1023125.0,6.0
5983,1145324.0,5.0
5984,1145636.0,5.0
5985,1021691.0,5.0
5986,1078665.0,5.0
5987,1124687.0,3.0
5988,1152376.0,4.0
5989,1153856.0,4.0
5990,1156809.0,3.0
5991,201171.0,4.0
5992,1097783.0,6.0
5993,1116100.0,5.0
5994,1153612.0,3.0
5995,1052837.0,3.0
5996,1118991.0,3.0
5997,1149754.0,3.0
5998,1081052.0,5.0
5999,1082708.0,4.0
6000,1089735.0,4.0
6001,1125488.0,6.0
6002,1126054.0,3.0
6003,1148540.0,4.0
6004,1150438.0,5.0
6005,1154579.0,3.0
6006,1163972.0,5.0
6007,1034034.0,3.0
6008,1125486.0,3.0
6009,180788.0,5.0
6010,1023163.0,3.0
6011,1024581.0,3.0
6012,1123065.0,6.0
6013,1145504.0,4.0
6014,1126105.0,5.0
6015,1085535.0,4.0
6016,1125660.0,3.0
6017,1145688.0,6.0
6018,1154547.0,4.0
6019,1156637.0,4.0
6020,1157576.0,4.0
6021,1161993.0,5.0
6022,1124672.0,3.0
6023,1145687.0,4.0
6024,1149771.0,6.0
6025,1115114.0,6.0
6026,1125750.0,6.0
6027,1156790.0,3.0
6028,1165984.0,4.0
6029,1156834.0,6.0
6030,1157574.0,5.0
6031,1161964.0,3.0
6032,1165588.0,3.0
6033,1102177.0,5.0
6034,1106268.0,3.0
6035,1023397.0,3.0
6036,1149201.0,3.0
6037,1165585.0,3.0
6038,1164122.0,4.0
6039,1158108.0,6.0
6040,1162249.0,6.0
6041,1125482.0,5.0
6042,102096.0,6.0
6043,1054159.0,4.0
6044,1087373.0,5.0
6045,1116424.0,4.0
6046,1152816.0,3.0
6047,1097938.0,6.0
6048,1150102.0,3.0
6049,1163911.0,3.0
6050,1166280.0,5.0
6051,1029531.0,6.0
6052,1023318.0,5.0
6053,1158065.0,5.0
6054,1164484.0,4.0
6055,1165872.0,3.0
6056,1068397.0,5.0
6057,1020146.0,4.0
6058,1105536.0,6.0
6059,1152383.0,3.0
6060,1166369.0,6.0
6061,1108716.0,3.0
6062,1126465.0,5.0
6063,1148992.0,3.0
6064,179330.0,5.0
6065,1014998.0,3.0
6066,1116775.0,3.0
6067,1149204.0,6.0
6068,1149970.0,3.0
6069,1157539.0,6.0
6070,1163609.0,4.0
6071,1166969.0,6.0
6072,1110184.0,5.0
6073,1088532.0,3.0
6074,1106343.0,3.0
6075,1149463.0,4.0
6076,1161139.0,5.0
6077,1153108.0,3.0
6078,1021667.0,3.0
6079,1055398.0,6.0
6080,1101676.0,4.0
6081,1164051.0,5.0
6082,1078702.0,4.0
6083,1145750.0,6.0
6084,1164736.0,4.0
6085,1023278.0,3.0
6086,1153124.0,5.0
6087,1156846.0,4.0
6088,1157575.0,4.0
6089,1157952.0,5.0
6090,1123046.0,4.0
6091,158930.0,5.0
6092,1149631.0,4.0
6093,1029797.0,6.0
6094,1098074.0,6.0
6095,1149775.0,6.0
6096,1157987.0,3.0
6097,1148513.0,5.0
6098,1165989.0,6.0
6099,1164755.0,6.0
6100,1149914.0,5.0
6101,1153886.0,3.0
6102,155974.0,4.0
6103,1054070.0,3.0
6104,1166979.0,3.0
6105,1105542.0,6.0
6106,1110214.0,6.0
6107,1085423.0,5.0
6108,1125423.0,6.0
6109,1164717.0,3.0
6110,1157526.0,6.0
6111,1149979.0,4.0
6112,116302.0,6.0
6113,1145498.0,4.0
6114,1161090.0,4.0
6115,1123062.0,4.0
6116,1132550.0,4.0
6117,108429.0,3.0
6118,1125448.0,4.0
6119,1107519.0,3.0
6120,1166912.0,3.0
6121,1150246.0,3.0
6122,1011715.0,5.0
6123,1020826.0,3.0
6124,1091685.0,6.0
6125,1158050.0,4.0
6126,1166114.0,3.0
6127,1145705.0,5.0
6128,1081765.0,4.0
6129,1149469.0,3.0
6130,1154611.0,3.0
6131,1164000.0,3.0
6132,1089037.0,4.0
6133,1092822.0,5.0
6134,1100774.0,3.0
6135,1023424.0,4.0
6136,1082603.0,4.0
6137,1125434.0,4.0
6138,1145193.0,5.0
6139,1161117.0,4.0
6140,1149760.0,4.0
6141,1153884.0,4.0
6142,1162338.0,6.0
6143,1129192.0,3.0
6144,1098032.0,3.0
6145,1145745.0,5.0
6146,1149172.0,5.0
6147,1105535.0,4.0
6148,1105539.0,5.0
6149,1154492.0,6.0
6150,1164096.0,4.0
6151,152328.0,4.0
6152,1095604.0,4.0
6153,1108097.0,5.0
6154,1145647.0,6.0
6155,106017.0,4.0
6156,1081564.0,3.0
6157,1013801.0,5.0
6158,1036287.0,6.0
6159,1138880.0,5.0
6160,1145406.0,6.0
6161,1163906.0,6.0
6162,1165758.0,4.0
6163,1166194.0,4.0
6164,1023154.0,5.0
6165,1086174.0,5.0
6166,1094351.0,6.0
6167,1169630.0,6.0
6168,1107022.0,3.0
6169,1164035.0,3.0
6170,1094629.0,6.0
6171,1097976.0,6.0
6172,1148505.0,4.0
6173,1158033.0,3.0
6174,1162405.0,6.0
6175,1164620.0,6.0
6176,1154552.0,3.0
6177,1126446.0,3.0
6178,1154784.0,4.0
6179,1162660.0,5.0
6180,1078224.0,3.0
6181,1097782.0,4.0
6182,1108687.0,3.0
6183,1148567.0,5.0
6184,1157942.0,3.0
6185,1161968.0,6.0
6186,1166391.0,5.0
6187,1014068.0,4.0
6188,1108729.0,3.0
6189,1128668.0,5.0
6190,1150437.0,5.0
6191,1154739.0,4.0
6192,1145531.0,5.0
6193,1107718.0,4.0
6194,1132512.0,3.0
6195,1149160.0,3.0
6196,1153861.0,4.0
6197,1154380.0,6.0
6198,1027296.0,3.0
6199,1092913.0,6.0
6200,1100037.0,6.0
6201,1118560.0,6.0
6202,1162222.0,3.0
6203,1164140.0,3.0
6204,1026488.0,4.0
6205,1027290.0,6.0
6206,1051123.0,4.0
6207,1060744.0,4.0
6208,1132513.0,6.0
6209,1161083.0,6.0
6210,108206.0,4.0
6211,1084616.0,4.0
6212,1125721.0,4.0
6213,1145460.0,3.0
6214,1145729.0,5.0
6215,1013921.0,6.0
6216,1124563.0,4.0
6217,108633.0,3.0
6218,102793.0,4.0
6219,1085950.0,4.0
6220,1086620.0,6.0
6221,1148528.0,3.0
6222,1125766.0,3.0
6223,1161658.0,6.0
6224,1164626.0,6.0
6225,116862.0,3.0
6226,1149777.0,5.0
6227,1162439.0,6.0
6228,1105563.0,5.0
6229,1161712.0,4.0
6230,1164783.0,3.0
6231,1097748.0,5.0
6232,1114727.0,3.0
6233,1145477.0,6.0
6234,1152806.0,4.0
6235,1097680.0,3.0
6236,1097806.0,3.0
6237,1110716.0,5.0
6238,1153121.0,5.0
6239,1164628.0,6.0
6240,1020134.0,3.0
6241,1059771.0,3.0
6242,1074711.0,3.0
6243,1113402.0,3.0
6244,111913.0,3.0
6245,179304.0,5.0
6246,1164003.0,3.0
6247,1167013.0,4.0
6248,116367.0,3.0
6249,1087174.0,6.0
6250,1098991.0,3.0
6251,1145574.0,6.0
6252,1152819.0,6.0
6253,1156642.0,3.0
6254,1093319.0,6.0
6255,1137545.0,6.0
6256,1145643.0,4.0
6257,1156639.0,3.0
6258,1125642.0,4.0
6259,1166401.0,3.0
6260,1124696.0,5.0
6261,1163928.0,6.0
6262,1054627.0,4.0
6263,1089528.0,6.0
6264,1106782.0,3.0
6265,1145480.0,3.0
6266,1156851.0,4.0
6267,1163968.0,5.0
6268,1167077.0,6.0
6269,1023572.0,4.0
6270,1154751.0,6.0
6271,1057953.0,6.0
6272,1098990.0,5.0
6273,1164097.0,3.0
6274,1167083.0,3.0
6275,1145472.0,4.0
6276,1157516.0,6.0
6277,1157955.0,4.0
6278,1162247.0,3.0
6279,1099017.0,6.0
6280,1149207.0,5.0
6281,1020728.0,5.0
6282,1095661.0,3.0
6283,1145470.0,3.0
6284,1149100.0,3.0
6285,1156607.0,6.0
6286,1157388.0,3.0
6287,1164056.0,6.0
6288,1166492.0,5.0
6289,1161144.0,5.0
6290,1106685.0,4.0
6291,1124627.0,3.0
6292,1100041.0,6.0
6293,1101831.0,5.0
6294,1101839.0,4.0
6295,1114194.0,3.0
6296,1164083.0,6.0
6297,1086203.0,3.0
6298,1163961.0,5.0
6299,1111687.0,3.0
6300,1149179.0,4.0
6301,1149969.0,3.0
6302,1157975.0,6.0
6303,1092553.0,6.0
6304,1095659.0,3.0
6305,1125655.0,6.0
6306,1154573.0,3.0
6307,1163594.0,5.0
6308,1163603.0,6.0
6309,1087974.0,4.0
6310,1106272.0,3.0
6311,1164105.0,4.0
6312,1166841.0,5.0
6313,1126278.0,4.0
6314,1167049.0,3.0
6315,1084640.0,6.0
6316,1095663.0,5.0
6317,1106835.0,6.0
6318,1166932.0,6.0
6319,108338.0,3.0
6320,116764.0,5.0
6321,1023696.0,3.0
6322,1097727.0,3.0
6323,1098007.0,5.0
6324,1145690.0,3.0
6325,1149167.0,6.0
6326,1164127.0,5.0
6327,1033259.0,4.0
6328,1059827.0,6.0
6329,1149132.0,4.0
6330,1152588.0,5.0
6331,1026980.0,6.0
6332,1027856.0,3.0
6333,1125463.0,6.0
6334,1153897.0,5.0
6335,1166400.0,6.0
6336,1145418.0,4.0
6337,1157390.0,6.0
6338,1162248.0,5.0
6339,1076230.0,3.0
6340,1097890.0,3.0
6341,1153325.0,3.0
6342,1159722.0,5.0
6343,1145401.0,3.0
6344,1156924.0,3.0
6345,1084721.0,4.0
6346,1125471.0,4.0
6347,1157517.0,5.0
6348,1158060.0,5.0
6349,1164732.0,3.0
6350,1166243.0,4.0
6351,1014151.0,4.0
6352,1030815.0,6.0
6353,1105624.0,5.0
6354,1126144.0,5.0
6355,1165477.0,5.0
6356,1166495.0,4.0
6357,1086003.0,5.0
6358,1153117.0,6.0
6359,1021660.0,6.0
6360,1023430.0,3.0
6361,1163798.0,6.0
6362,1165530.0,3.0
6363,180832.0,6.0
6364,1054625.0,5.0
6365,1149758.0,6.0
6366,1154779.0,4.0
6367,122162.0,6.0
6368,1132561.0,4.0
6369,180783.0,3.0
6370,1028513.0,3.0
6371,1097665.0,6.0
6372,1124508.0,5.0
6373,1145197.0,6.0
6374,1157537.0,4.0
6375,1162586.0,6.0
6376,212716.0,3.0
6377,1101487.0,4.0
6378,1103833.0,5.0
6379,1013051.0,6.0
6380,1161936.0,4.0
6381,1011030.0,3.0
6382,1145445.0,5.0
6383,1059826.0,4.0
6384,1149156.0,6.0
6385,1125490.0,4.0
6386,1166339.0,5.0
6387,1123050.0,6.0
6388,1106269.0,3.0
6389,1138966.0,3.0
6390,1145642.0,3.0
6391,1060801.0,6.0
6392,1112531.0,3.0
6393,1162585.0,5.0
6394,1116196.0,5.0
6395,1145450.0,3.0
6396,1101869.0,5.0
6397,152343.0,3.0
6398,1013593.0,6.0
6399,1080817.0,3.0
6400,1106265.0,5.0
6401,1107758.0,4.0
6402,223276.0,5.0
6403,1059773.0,3.0
6404,1157519.0,5.0
6405,1021812.0,4.0
6406,1114195.0,5.0
6407,1023734.0,6.0
6408,1145732.0,5.0
6409,1145739.0,3.0
6410,1153872.0,6.0
6411,1157961.0,4.0
6412,1091678.0,6.0
6413,1015018.0,3.0
6414,1156808.0,6.0
6415,1149159.0,3.0
6416,1125442.0,3.0
6417,1149242.0,4.0
6418,1154621.0,5.0
6419,1154859.0,6.0
6420,1156929.0,4.0
6421,1125668.0,6.0
6422,1145374.0,6.0
6423,1158245.0,5.0
6424,1166211.0,4.0
6425,1118581.0,6.0
6426,1126079.0,3.0
6427,102149.0,6.0
6428,1124625.0,4.0
6429,1156916.0,5.0
6430,1108674.0,3.0
6431,1082772.0,3.0
6432,1148495.0,4.0
6433,1098078.0,6.0
6434,1116585.0,6.0
6435,111847.0,5.0
6436,1166224.0,5.0
6437,1099022.0,3.0
6438,1161949.0,6.0
6439,1162687.0,5.0
6440,1053930.0,5.0
6441,1145462.0,4.0
6442,1089761.0,6.0
6443,1097649.0,4.0
6444,1153131.0,5.0
6445,1125630.0,5.0
6446,1105526.0,6.0
6447,1156580.0,4.0
6448,1166474.0,3.0
6449,1094462.0,5.0
6450,1162591.0,4.0
6451,1027018.0,5.0
6452,1084311.0,6.0
6453,1156847.0,4.0
6454,1166147.0,5.0
6455,201311.0,4.0
6456,1110552.0,4.0
6457,1020689.0,4.0
6458,1145635.0,5.0
6459,1098051.0,3.0
6460,1105794.0,5.0
6461,1013257.0,4.0
6462,1162425.0,5.0
6463,1150398.0,4.0
6464,1038485.0,4.0
6465,1153128.0,4.0
6466,1154021.0,5.0
6467,1165755.0,3.0
6468,202509.0,5.0
6469,1021478.0,6.0
6470,1166238.0,6.0
6471,1153377.0,3.0
6472,1157950.0,6.0
6473,1116989.0,5.0
6474,1161537.0,4.0
6475,1033365.0,6.0
6476,1014174.0,5.0
6477,1094463.0,6.0
6478,1028629.0,6.0
6479,1081367.0,3.0
6480,1036280.0,5.0
6481,1068410.0,6.0
6482,1116042.0,6.0
6483,1157532.0,4.0
6484,1101856.0,6.0
6485,1154406.0,3.0
6486,1164087.0,3.0
6487,1052835.0,4.0
6488,1125401.0,6.0
6489,1162254.0,3.0
6490,1045137.0,6.0
6491,1027212.0,3.0
6492,1162595.0,6.0
6493,1164092.0,3.0
6494,1164619.0,4.0
6495,1029904.0,5.0
6496,1150399.0,4.0
6497,1156009.0,4.0
6498,1163965.0,5.0
6499,1093682.0,4.0
6500,1150253.0,5.0
6501,1086388.0,4.0
6502,1166126.0,6.0
6503,1089205.0,5.0
6504,1156018.0,4.0
6505,1162695.0,4.0
6506,1164117.0,5.0
6507,152665.0,5.0
6508,1058418.0,5.0
6509,1162670.0,5.0
6510,1013611.0,3.0
6511,1145208.0,5.0
6512,116371.0,6.0
6513,1164036.0,6.0
6514,1164128.0,3.0
6515,1129990.0,3.0
6516,1154479.0,5.0
6517,1157378.0,3.0
6518,1166848.0,6.0
6519,1125457.0,3.0
6520,1139430.0,4.0
6521,1145610.0,6.0
6522,1105519.0,3.0
6523,1126069.0,4.0
6524,1113330.0,4.0
6525,1163760.0,3.0
6526,1092930.0,4.0
6527,1097840.0,4.0
6528,1011051.0,5.0
6529,1053199.0,5.0
6530,1162440.0,3.0
6531,116399.0,4.0
6532,1149153.0,5.0
6533,1033861.0,6.0
6534,1048690.0,6.0
6535,1045451.0,5.0
6536,1089028.0,5.0
6537,1125212.0,6.0
6538,1161944.0,3.0
6539,109625.0,3.0
6540,112799.0,3.0
6541,1124559.0,6.0
6542,1157513.0,3.0
6543,1089517.0,5.0
6544,1091680.0,6.0
6545,1089754.0,6.0
6546,1150617.0,5.0
6547,1054734.0,6.0
6548,1110495.0,5.0
6549,1110670.0,3.0
6550,1125641.0,6.0
6551,1162255.0,6.0
6552,102753.0,4.0
6553,112325.0,5.0
6554,1098003.0,5.0
6555,108307.0,3.0
6556,1078325.0,6.0
6557,1106285.0,4.0
6558,1124597.0,3.0
6559,1138423.0,5.0
6560,1161672.0,4.0
6561,1167070.0,4.0
6562,1078691.0,6.0
6563,1086937.0,5.0
6564,1125383.0,5.0
6565,1054121.0,3.0
6566,1078243.0,3.0
6567,1103838.0,4.0
6568,1129988.0,4.0
6569,1020500.0,4.0
6570,1132529.0,3.0
6571,1021330.0,3.0
6572,1022166.0,6.0
6573,1029409.0,6.0
6574,1052819.0,3.0
6575,1053253.0,6.0
6576,1108693.0,4.0
6577,1153295.0,4.0
6578,1163974.0,6.0
6579,1078762.0,4.0
6580,1106266.0,6.0
6581,1060753.0,4.0
6582,1152807.0,5.0
6583,1145741.0,3.0
6584,1153479.0,4.0
6585,1166931.0,4.0
6586,1125042.0,6.0
6587,1125772.0,4.0
6588,1148491.0,6.0
6589,1148996.0,5.0
6590,1164782.0,6.0
6591,1166168.0,4.0
6592,1013106.0,5.0
6593,1105529.0,6.0
6594,1125034.0,5.0
6595,1158061.0,6.0
6596,1159750.0,3.0
6597,1145682.0,6.0
6598,1164718.0,6.0
6599,1101861.0,3.0
6600,116310.0,5.0
6601,1043723.0,5.0
6602,1150597.0,5.0
6603,1149184.0,3.0
6604,1165744.0,6.0
6605,1150393.0,5.0
6606,1163899.0,3.0
6607,1164017.0,5.0
6608,1035660.0,3.0
6609,1153132.0,3.0
6610,1026260.0,5.0
6611,1148500.0,4.0
6612,1148511.0,5.0
6613,1163917.0,3.0
6614,1105544.0,6.0
6615,1112522.0,3.0
6616,1144562.0,3.0
6617,1106829.0,6.0
6618,1123060.0,4.0
6619,1154870.0,4.0
6620,1014992.0,6.0
6621,1162213.0,4.0
6622,1157137.0,3.0
6623,1165976.0,6.0
6624,1111951.0,4.0
6625,1150539.0,4.0
6626,1162401.0,3.0
6627,109596.0,5.0
6628,1086230.0,4.0
6629,1097603.0,3.0
6630,1125474.0,3.0
6631,1145683.0,6.0
6632,1164124.0,3.0
6633,1068413.0,4.0
6634,1105534.0,5.0
6635,1145412.0,3.0
6636,1149185.0,3.0
6637,1158059.0,3.0
6638,1157951.0,5.0
6639,1148549.0,4.0
6640,1162693.0,6.0
6641,112553.0,6.0
6642,1119086.0,3.0
6643,1126248.0,5.0
6644,1149629.0,3.0
6645,1153268.0,6.0
6646,1162207.0,4.0
6647,1162262.0,3.0
6648,1118881.0,5.0
6649,1145634.0,5.0
6650,1145697.0,6.0
6651,1157967.0,3.0
6652,1162656.0,6.0
6653,1097800.0,6.0
6654,1149127.0,3.0
6655,1148514.0,6.0
6656,1082769.0,4.0
6657,1148504.0,6.0
6658,1161098.0,3.0
6659,1163903.0,4.0
6660,1154393.0,6.0
6661,1154759.0,4.0
6662,1162402.0,5.0
6663,1161992.0,3.0
6664,1164137.0,4.0
6665,1027419.0,6.0
6666,1153606.0,5.0
6667,1164064.0,5.0
6668,122193.0,6.0
6669,1036284.0,3.0
6670,1154567.0,6.0
6671,201315.0,4.0
6672,1145366.0,6.0
6673,1158106.0,5.0
6674,1107082.0,3.0
6675,1123248.0,6.0
6676,1149102.0,4.0
6677,1152814.0,3.0
6678,1023890.0,4.0
6679,1078695.0,3.0
6680,1084723.0,5.0
6681,1153084.0,3.0
6682,1158228.0,3.0
6683,1150435.0,5.0
6684,1162250.0,3.0
6685,103070.0,4.0
6686,1097982.0,3.0
6687,116900.0,3.0
6688,1156613.0,5.0
6689,1161650.0,3.0
6690,1072938.0,6.0
6691,1084611.0,4.0
6692,1123068.0,5.0
6693,112677.0,6.0
6694,116798.0,6.0
6695,1086092.0,4.0
6696,1148560.0,6.0
6697,1125414.0,6.0
6698,1153327.0,5.0
6699,1162608.0,5.0
6700,1014032.0,5.0
6701,1161122.0,4.0
6702,1125452.0,4.0
6703,1149105.0,6.0
6704,158903.0,4.0
6705,1026809.0,3.0
6706,1138424.0,4.0
6707,1158053.0,6.0
6708,1161223.0,3.0
6709,1162283.0,3.0
6710,1164136.0,4.0
6711,1138951.0,6.0
6712,1157945.0,3.0
6713,223275.0,6.0
6714,1138004.0,4.0
6715,1145391.0,4.0
6716,1157986.0,3.0
6717,1078455.0,5.0
6718,1161177.0,4.0
6719,1161249.0,6.0
6720,1164125.0,5.0
6721,1161657.0,4.0
6722,1162436.0,3.0
6723,1043668.0,4.0
6724,1164126.0,4.0
6725,1086387.0,3.0
6726,1099016.0,6.0
6727,1125769.0,6.0
6728,1157965.0,4.0
6729,1157387.0,4.0
6730,1045138.0,3.0
6731,1105279.0,6.0
6732,1145584.0,4.0
6733,1081740.0,4.0
6734,1165559.0,5.0
6735,116570.0,6.0
6736,116576.0,3.0
6737,116828.0,5.0
6738,202379.0,5.0
6739,1094490.0,3.0
6740,1132691.0,4.0
6741,1148548.0,4.0
6742,1150599.0,3.0
6743,1156614.0,3.0
6744,1158238.0,3.0
6745,1154581.0,4.0
6746,1156837.0,4.0
6747,1081797.0,4.0
6748,201485.0,6.0
6749,1095600.0,4.0
6750,1126285.0,5.0
6751,1145212.0,3.0
6752,1148489.0,4.0
6753,1148532.0,5.0
6754,1089691.0,5.0
6755,1150598.0,4.0
6756,1152373.0,5.0
6757,1160904.0,4.0
6758,1097964.0,5.0
6759,1156631.0,6.0
6760,1162645.0,4.0
6761,1149101.0,5.0
6762,1048681.0,4.0
6763,1160897.0,3.0
6764,201262.0,4.0
6765,1145214.0,3.0
6766,1150610.0,6.0
6767,1152877.0,5.0
6768,1101965.0,6.0
6769,1145708.0,5.0
6770,1149109.0,4.0
6771,1154743.0,6.0
6772,202272.0,3.0
6773,1107701.0,3.0
6774,1125762.0,6.0
6775,1126154.0,6.0
6776,1152821.0,4.0
6777,1078938.0,5.0
6778,1138414.0,5.0
6779,1149474.0,5.0
6780,1157525.0,4.0
6781,1098088.0,3.0
6782,1153286.0,3.0
6783,1094644.0,6.0
6784,1060878.0,5.0
6785,1145677.0,6.0
6786,1085139.0,4.0
6787,1145247.0,3.0
6788,1145425.0,3.0
6789,1166055.0,3.0
6790,1160758.0,3.0
6791,1026937.0,4.0
6792,1101871.0,6.0
6793,1099018.0,5.0
6794,1029504.0,6.0
6795,1118539.0,6.0
6796,1153361.0,4.0
6797,1164106.0,5.0
6798,1036261.0,4.0
6799,1083483.0,6.0
6800,1097650.0,5.0
6801,1145245.0,6.0
6802,1156623.0,6.0
6803,1157534.0,3.0
6804,173023.0,3.0
6805,1132560.0,6.0
6806,1145629.0,4.0
6807,1161938.0,5.0
6808,1107509.0,6.0
6809,109595.0,4.0
6810,1092285.0,4.0
6811,173298.0,5.0
6812,1116161.0,4.0
6813,1125774.0,6.0
6814,1149235.0,4.0
6815,1164066.0,6.0
6816,102646.0,3.0
6817,1153473.0,6.0
6818,1162286.0,6.0
6819,1054333.0,6.0
6820,1020834.0,6.0
6821,1107084.0,5.0
6822,1087535.0,4.0
6823,1094094.0,6.0
6824,1111813.0,5.0
6825,1125411.0,3.0
6826,1137303.0,5.0
6827,1145707.0,3.0
6828,1161181.0,4.0
6829,1161191.0,5.0
6830,1118397.0,6.0
6831,1162245.0,3.0
6832,1164623.0,4.0
6833,1166139.0,4.0
6834,1023213.0,3.0
6835,1023225.0,4.0
6836,1149203.0,5.0
6837,1160907.0,5.0
6838,1162237.0,4.0
6839,1166193.0,5.0
6840,1153134.0,6.0
6841,1156622.0,5.0
6842,1161220.0,4.0
6843,1022167.0,3.0
6844,1116049.0,4.0
6845,1149175.0,3.0
6846,1164116.0,5.0
6847,1149634.0,4.0
6848,1154546.0,3.0
6849,1106795.0,3.0
6850,1027396.0,3.0
6851,1148531.0,6.0
6852,1149626.0,5.0
6853,1165545.0,6.0
6854,173714.0,3.0
6855,1072939.0,5.0
6856,1107501.0,3.0
6857,1111680.0,4.0
6858,1125487.0,4.0
6859,1145390.0,5.0
6860,1148498.0,6.0
6861,1150104.0,3.0
6862,1153328.0,5.0
6863,1166398.0,6.0
6864,1124654.0,4.0
6865,1124694.0,5.0
6866,1158248.0,4.0
6867,1167086.0,4.0
6868,1154874.0,4.0
6869,1157981.0,4.0
6870,1162007.0,5.0
6871,1164085.0,6.0
6872,1161238.0,6.0
6873,1162375.0,5.0
6874,1089502.0,3.0
6875,1078198.0,5.0
6876,1148521.0,4.0
6877,1152363.0,3.0
6878,1154468.0,5.0
6879,1161060.0,3.0
6880,1167008.0,5.0
6881,182659.0,3.0
6882,1086969.0,3.0
6883,1107076.0,4.0
6884,1161184.0,5.0
6885,1033217.0,5.0
6886,1097725.0,5.0
6887,1110533.0,6.0
6888,1153604.0,4.0
6889,1026607.0,5.0
6890,1149788.0,3.0
6891,1156578.0,3.0
6892,1161175.0,3.0
6893,1021713.0,4.0
6894,1073287.0,3.0
6895,1083218.0,6.0
6896,1088945.0,4.0
6897,1149108.0,3.0
6898,1153389.0,6.0
6899,1059804.0,4.0
6900,1091669.0,5.0
6901,1106342.0,3.0
6902,1160550.0,3.0
6903,1161710.0,4.0
6904,1020839.0,6.0
6905,1029630.0,3.0
6906,1162015.0,4.0
6907,1080574.0,6.0
6908,1125779.0,4.0
6909,1161229.0,4.0
6910,1161230.0,6.0
6911,116703.0,5.0
6912,156940.0,4.0
6913,1052089.0,6.0
6914,1078321.0,6.0
6915,1097613.0,6.0
6916,1101978.0,3.0
6917,1158057.0,3.0
6918,1163935.0,5.0
6919,1092557.0,6.0
6920,1103834.0,5.0
6921,1115749.0,3.0
6922,108305.0,5.0
6923,1014850.0,4.0
6924,1076707.0,5.0
6925,1084302.0,3.0
6926,1101849.0,3.0
6927,1102046.0,6.0
6928,1113414.0,5.0
6929,1148525.0,4.0
6930,1166314.0,3.0
6931,1100055.0,4.0
6932,1153609.0,3.0
6933,1166239.0,3.0
6934,1166241.0,6.0
6935,1045787.0,4.0
6936,1086576.0,5.0
6937,1148522.0,4.0
6938,1161084.0,3.0
6939,1033254.0,5.0
6940,1090059.0,6.0
6941,107363.0,3.0
6942,1086459.0,6.0
6943,1089232.0,5.0
6944,1107088.0,3.0
6945,1156778.0,3.0
6946,1014999.0,6.0
6947,1045091.0,3.0
6948,1057985.0,3.0
6949,1086460.0,6.0
6950,1089247.0,3.0
6951,1125778.0,3.0
6952,1154414.0,5.0
6953,1157142.0,5.0
6954,1160754.0,4.0
6955,1161716.0,3.0
6956,1162707.0,5.0
6957,1029544.0,6.0
6958,1034074.0,5.0
6959,1059764.0,3.0
6960,1105252.0,4.0
6961,1153470.0,6.0
6962,1161214.0,6.0
6963,,
6964,,
6965,,
6966,,
6967,,
6968,,
6969,,
6970,,
6971,,
6972,,
6973,,
6974,,
6975,,
6976,,
6977,,
6978,,
6979,,
6980,,
6981,,
6982,,
6983,,
6984,,
6985,,
6986,,
6987,,
6988,,
6989,,
6990,,
6991,,
6992,,
6993,,
6994,,
6995,,
6996,,
6997,,
6998,,
6999,,
7000,,
7001,,
7002,,
7003,,
7004,,
7005,,
7006,,
7007,,
7008,,
7009,,
7010,,
7011,,
7012,,
7013,,
7014,,
7015,,
7016,,
7017,,
7018,,
7019,,
7020,,
7021,,
7022,,
7023,,
7024,,
7025,,
7026,,
7027,,
7028,,
7029,,
7030,,
7031,,
7032,,
7033,,
7034,,
7035,,
7036,,
7037,,
7038,,
7039,,
7040,,
7041,,
7042,,
7043,,
7044,,
7045,,
7046,,
7047,,
7048,,
7049,,
7050,,
7051,,
7052,,
7053,,
7054,,
7055,,
7056,,
7057,,
7058,,
7059,,
7060,,
7061,,
7062,,
7063,,
7064,,
7065,,
7066,,
7067,,
7068,,
7069,,
7070,,
7071,,
7072,,
7073,,
7074,,
7075,,
7076,,
7077,,
7078,,
7079,,
7080,,
7081,,
7082,,
7083,,
7084,,
7085,,
7086,,
7087,,
7088,,
7089,,
7090,,
7091,,
7092,,
7093,,
7094,,
7095,,
7096,,
7097,,
7098,,
7099,,
7100,,
7101,,
7102,,
7103,,
7104,,
7105,,
7106,,
7107,,
7108,,
7109,,
7110,,
7111,,
7112,,
7113,,
7114,,
7115,,
7116,,
7117,,
7118,,
7119,,
7120,,
7121,,
7122,,
7123,,
7124,,
7125,,
7126,,
7127,,
7128,,
7129,,
7130,,
7131,,
7132,,
7133,,
7134,,
7135,,
7136,,
7137,,
7138,,
7139,,
7140,,
7141,,
7142,,
7143,,
7144,,
7145,,
7146,,
7147,,
7148,,
7149,,
7150,,
7151,,
7152,,
7153,,
7154,,
7155,,
7156,,
7157,,
7158,,
7159,,
7160,,
7161,,
7162,,
7163,,
7164,,
7165,,
7166,,
7167,,
7168,,
7169,,
7170,,
7171,,
7172,,
7173,,
7174,,
7175,,
7176,,
7177,,
7178,,
7179,,
7180,,
7181,,
7182,,
7183,,
7184,,
7185,,
7186,,
7187,,
7188,,
7189,,
7190,,
7191,,
7192,,
7193,,
7194,,
7195,,
7196,,
7197,,
7198,,
7199,,
7200,,
7201,,
7202,,
7203,,
7204,,
7205,,
7206,,
7207,,
7208,,
7209,,
7210,,
7211,,
7212,,
7213,,
7214,,
7215,,
7216,,
7217,,
7218,,
7219,,
7220,,
7221,,
7222,,
7223,,
7224,,
7225,,
7226,,
7227,,
7228,,
7229,,
7230,,
7231,,
7232,,
7233,,
7234,,
7235,,
7236,,
7237,,
7238,,
7239,,
7240,,
7241,,
7242,,
7243,,
7244,,
7245,,
7246,,
7247,,
7248,,
7249,,
7250,,
7251,,
7252,,
7253,,
7254,,
7255,,
7256,,
7257,,
7258,,
7259,,
7260,,
7261,,
7262,,
7263,,
7264,,
7265,,
7266,,
7267,,
7268,,
7269,,
7270,,
7271,,
7272,,
7273,,
7274,,
7275,,
7276,,
7277,,
7278,,
7279,,
7280,,
7281,,
7282,,
7283,,
7284,,
7285,,
7286,,
7287,,
7288,,
7289,,
7290,,
7291,,
7292,,
7293,,
7294,,
7295,,
7296,,
7297,,
7298,,
7299,,
7300,,
7301,,
7302,,
7303,,
7304,,
7305,,
7306,,
7307,,
7308,,
7309,,
7310,,
7311,,
7312,,
7313,,
7314,,
7315,,
7316,,
7317,,
7318,,
7319,,
7320,,
7321,,
7322,,
7323,,
7324,,
7325,,
7326,,
7327,,
7328,,
7329,,
7330,,
7331,,
7332,,
7333,,
7334,,
7335,,
7336,,
7337,,
7338,,
7339,,
7340,,
7341,,
7342,,
7343,,
7344,,
7345,,
7346,,
7347,,
7348,,
7349,,
7350,,
7351,,
7352,,
7353,,
7354,,
7355,,
7356,,
7357,,
7358,,
7359,,
7360,,
7361,,
7362,,
7363,,
7364,,
7365,,
7366,,
7367,,
7368,,
7369,,
7370,,
7371,,
7372,,
7373,,
7374,,
7375,,
7376,,
7377,,
7378,,
7379,,
7380,,
7381,,
7382,,
7383,,
7384,,
7385,,
7386,,
7387,,
7388,,
7389,,
7390,,
7391,,
7392,,
7393,,
7394,,
7395,,
7396,,
7397,,
7398,,
7399,,
7400,,
7401,,
7402,,
7403,,
7404,,
7405,,
7406,,
7407,,
7408,,
7409,,
7410,,
7411,,
7412,,
7413,,
7414,,
7415,,
7416,,
7417,,
7418,,
7419,,
7420,,
7421,,
7422,,
7423,,
7424,,
7425,,
7426,,
7427,,
7428,,
7429,,
7430,,
7431,,
7432,,
7433,,
7434,,
7435,,
7436,,
7437,,
7438,,
7439,,
7440,,
7441,,
7442,,
7443,,
7444,,
7445,,
7446,,
7447,,
7448,,
7449,,
7450,,
7451,,
7452,,
7453,,
7454,,
7455,,
7456,,
7457,,
7458,,
7459,,
7460,,
7461,,
7462,,
7463,,
7464,,
7465,,
7466,,
7467,,
7468,,
7469,,
7470,,
7471,,
7472,,
7473,,
7474,,
7475,,
7476,,
7477,,
7478,,
7479,,
7480,,
7481,,
7482,,
7483,,
7484,,
7485,,
7486,,
7487,,
7488,,
7489,,
7490,,
7491,,
7492,,
7493,,
7494,,
7495,,
7496,,
7497,,
7498,,
7499,,
7500,,
7501,,
7502,,
7503,,
7504,,
7505,,
7506,,
7507,,
7508,,
7509,,
7510,,
7511,,
7512,,
7513,,
7514,,
7515,,
7516,,
7517,,
7518,,
7519,,
7520,,
7521,,
7522,,
7523,,
7524,,
7525,,
7526,,
7527,,
7528,,
7529,,
7530,,
7531,,
7532,,
7533,,
7534,,
7535,,
7536,,
7537,,
7538,,
7539,,
7540,,
7541,,
7542,,
7543,,
7544,,
7545,,
7546,,
7547,,
7548,,
7549,,
7550,,
7551,,
7552,,
7553,,
7554,,
7555,,
7556,,
7557,,
7558,,
7559,,
7560,,
7561,,
7562,,
7563,,
7564,,
7565,,
7566,,
7567,,
7568,,
7569,,
7570,,
7571,,
7572,,
7573,,
7574,,
7575,,
7576,,
7577,,
7578,,
7579,,
7580,,
7581,,
7582,,
7583,,
7584,,
7585,,
7586,,
7587,,
7588,,
7589,,
7590,,
7591,,
7592,,
7593,,
7594,,
7595,,
7596,,
7597,,
7598,,
7599,,
7600,,
7601,,
7602,,
7603,,
7604,,
7605,,
7606,,
7607,,
7608,,
7609,,
7610,,
7611,,
7612,,
7613,,
7614,,
7615,,
7616,,
7617,,
7618,,
7619,,
7620,,
7621,,
7622,,
7623,,
7624,,
7625,,
7626,,
7627,,
7628,,
7629,,
7630,,
7631,,
7632,,
7633,,
7634,,
7635,,
7636,,
7637,,
7638,,
7639,,
7640,,
7641,,
7642,,
7643,,
7644,,
7645,,
7646,,
7647,,
7648,,
7649,,
7650,,
7651,,
7652,,
7653,,
7654,,
7655,,
7656,,
7657,,
7658,,
7659,,
7660,,
7661,,
7662,,
7663,,
7664,,
7665,,
7666,,
7667,,
7668,,
7669,,
7670,,
7671,,
7672,,
7673,,
7674,,
7675,,
7676,,
7677,,
7678,,
7679,,
7680,,
7681,,
7682,,
7683,,
7684,,
7685,,
7686,,
7687,,
7688,,
7689,,
7690,,
7691,,
7692,,
7693,,
7694,,
7695,,
7696,,
7697,,
7698,,
7699,,
7700,,
7701,,
7702,,
7703,,
7704,,
7705,,
7706,,
7707,,
7708,,
7709,,
7710,,
7711,,
7712,,
7713,,
7714,,
7715,,
7716,,
7717,,
7718,,
7719,,
7720,,
7721,,
7722,,
7723,,
7724,,
7725,,
7726,,
7727,,
7728,,
7729,,
7730,,
7731,,
7732,,
7733,,
7734,,
7735,,
7736,,
7737,,
7738,,
7739,,
7740,,
7741,,
7742,,
7743,,
7744,,
7745,,
7746,,
7747,,
7748,,
7749,,
7750,,
7751,,
7752,,
7753,,
7754,,
7755,,
7756,,
7757,,
7758,,
7759,,
7760,,
7761,,
7762,,
7763,,
7764,,
7765,,
7766,,
7767,,
7768,,
7769,,
7770,,
7771,,
7772,,
7773,,
7774,,
7775,,
7776,,
7777,,
7778,,
7779,,
7780,,
7781,,
7782,,
7783,,
7784,,
7785,,
7786,,
7787,,
7788,,
7789,,
7790,,
7791,,
7792,,
7793,,
7794,,
7795,,
7796,,
7797,,
7798,,
7799,,
7800,,
7801,,
7802,,
7803,,
7804,,
7805,,
7806,,
7807,,
7808,,
7809,,
7810,,
7811,,
7812,,
7813,,
7814,,
7815,,
7816,,
7817,,
7818,,
7819,,
7820,,
7821,,
7822,,
7823,,
7824,,
7825,,
7826,,
7827,,
7828,,
7829,,
7830,,
7831,,
7832,,
7833,,
7834,,
7835,,
7836,,
7837,,
7838,,
7839,,
7840,,
7841,,
7842,,
7843,,
7844,,
7845,,
7846,,
7847,,
7848,,
7849,,
7850,,
7851,,
7852,,
7853,,
7854,,
7855,,
7856,,
7857,,
7858,,
7859,,
7860,,
7861,,
7862,,
7863,,
7864,,
7865,,
7866,,
7867,,
7868,,
7869,,
7870,,
7871,,
7872,,
7873,,
7874,,
7875,,
7876,,
7877,,
7878,,
7879,,
7880,,
7881,,
7882,,
7883,,
7884,,
7885,,
7886,,
7887,,
7888,,
7889,,
